CNPJ_CIA;DT_REFER;VERSAO;DENOM_CIA;CD_CVM;GRUPO_DFP;MOEDA;ESCALA_MOEDA;ORDEM_EXERC;DT_INI_EXERC;DT_FIM_EXERC;CD_CONTA;DS_CONTA;VL_CONTA;ST_CONTA_FIXA
00.070.698/0001-11;2017-12-31;1;CIA ENERGETICA DE BRASILIA;014451;DF Consolidado - Demonstração do Fluxo de Caixa (Método Direto);REAL;MIL;PENÚLTIMO;2016-01-01;2016-12-31;6.01;Caixa Líquido Atividades Operacionais;98485.0000000000;S
00.070.698/0001-11;2017-12-31;1;CIA ENERGETICA DE BRASILIA;014451;DF Consolidado - Demonstração do Fluxo de Caixa (Método Direto);REAL;MIL;ÚLTIMO;2017-01-01;2017-12-31;6.01;Caixa Líquido Atividades Operacionais;18011.0000000000;S
00.070.698/0001-11;2017-12-31;1;CIA ENERGETICA DE BRASILIA;014451;DF Consolidado - Demonstração do Fluxo de Caixa (Método Direto);REAL;MIL;PENÚLTIMO;2016-01-01;2016-12-31;6.01.01;Recebimento de Consumidores;3677278.0000000000;N
00.070.698/0001-11;2017-12-31;1;CIA ENERGETICA DE BRASILIA;014451;DF Consolidado - Demonstração do Fluxo de Caixa (Método Direto);REAL;MIL;ÚLTIMO;2017-01-01;2017-12-31;6.01.01;Recebimento de Consumidores;3745401.0000000000;N
00.070.698/0001-11;2017-12-31;1;CIA ENERGETICA DE BRASILIA;014451;DF Consolidado - Demonstração do Fluxo de Caixa (Método Direto);REAL;MIL;PENÚLTIMO;2016-01-01;2016-12-31;6.01.02;Fornecedores - Materiais e Serviços;-203794.0000000000;N
00.070.698/0001-11;2017-12-31;1;CIA ENERGETICA DE BRASILIA;014451;DF Consolidado - Demonstração do Fluxo de Caixa (Método Direto);REAL;MIL;ÚLTIMO;2017-01-01;2017-12-31;6.01.02;Fornecedores - Materiais e Serviços;-180837.0000000000;N
00.070.698/0001-11;2017-12-31;1;CIA ENERGETICA DE BRASILIA;014451;DF Consolidado - Demonstração do Fluxo de Caixa (Método Direto);REAL;MIL;PENÚLTIMO;2016-01-01;2016-12-31;6.01.03;Fornecedores - Energia Elétrica;-1578842.0000000000;N
00.070.698/0001-11;2017-12-31;1;CIA ENERGETICA DE BRASILIA;014451;DF Consolidado - Demonstração do Fluxo de Caixa (Método Direto);REAL;MIL;ÚLTIMO;2017-01-01;2017-12-31;6.01.03;Fornecedores - Energia Elétrica;-1661909.0000000000;N
00.070.698/0001-11;2017-12-31;1;CIA ENERGETICA DE BRASILIA;014451;DF Consolidado - Demonstração do Fluxo de Caixa (Método Direto);REAL;MIL;PENÚLTIMO;2016-01-01;2016-12-31;6.01.04;Contribuição de Iluminação Pública;-203995.0000000000;N
00.070.698/0001-11;2017-12-31;1;CIA ENERGETICA DE BRASILIA;014451;DF Consolidado - Demonstração do Fluxo de Caixa (Método Direto);REAL;MIL;ÚLTIMO;2017-01-01;2017-12-31;6.01.04;Contribuição de Iluminação Pública;-273882.0000000000;N
00.070.698/0001-11;2017-12-31;1;CIA ENERGETICA DE BRASILIA;014451;DF Consolidado - Demonstração do Fluxo de Caixa (Método Direto);REAL;MIL;PENÚLTIMO;2016-01-01;2016-12-31;6.01.05;Salários e Encargos Sociais;-308319.0000000000;N
00.070.698/0001-11;2017-12-31;1;CIA ENERGETICA DE BRASILIA;014451;DF Consolidado - Demonstração do Fluxo de Caixa (Método Direto);REAL;MIL;ÚLTIMO;2017-01-01;2017-12-31;6.01.05;Salários e Encargos Sociais;-343739.0000000000;N
00.070.698/0001-11;2017-12-31;1;CIA ENERGETICA DE BRASILIA;014451;DF Consolidado - Demonstração do Fluxo de Caixa (Método Direto);REAL;MIL;PENÚLTIMO;2016-01-01;2016-12-31;6.01.06;Rendimento de Aplicações Financeiras;9601.0000000000;N
00.070.698/0001-11;2017-12-31;1;CIA ENERGETICA DE BRASILIA;014451;DF Consolidado - Demonstração do Fluxo de Caixa (Método Direto);REAL;MIL;ÚLTIMO;2017-01-01;2017-12-31;6.01.06;Rendimento de Aplicações Financeiras;7235.0000000000;N
00.070.698/0001-11;2017-12-31;1;CIA ENERGETICA DE BRASILIA;014451;DF Consolidado - Demonstração do Fluxo de Caixa (Método Direto);REAL;MIL;PENÚLTIMO;2016-01-01;2016-12-31;6.01.07;Pagamentos de Encargos da Dívida;-66218.0000000000;N
00.070.698/0001-11;2017-12-31;1;CIA ENERGETICA DE BRASILIA;014451;DF Consolidado - Demonstração do Fluxo de Caixa (Método Direto);REAL;MIL;ÚLTIMO;2017-01-01;2017-12-31;6.01.07;Pagamentos de Encargos da Dívida;-54284.0000000000;N
00.070.698/0001-11;2017-12-31;1;CIA ENERGETICA DE BRASILIA;014451;DF Consolidado - Demonstração do Fluxo de Caixa (Método Direto);REAL;MIL;PENÚLTIMO;2016-01-01;2016-12-31;6.01.08;Dividendos e Juros Sobre Capital Próprio Recebidos;35446.0000000000;N
00.070.698/0001-11;2017-12-31;1;CIA ENERGETICA DE BRASILIA;014451;DF Consolidado - Demonstração do Fluxo de Caixa (Método Direto);REAL;MIL;ÚLTIMO;2017-01-01;2017-12-31;6.01.08;Dividendos e Juros Sobre Capital Próprio Recebidos;25018.0000000000;N
00.070.698/0001-11;2017-12-31;1;CIA ENERGETICA DE BRASILIA;014451;DF Consolidado - Demonstração do Fluxo de Caixa (Método Direto);REAL;MIL;PENÚLTIMO;2016-01-01;2016-12-31;6.01.09;Impostos e Contribuições;-937873.0000000000;N
00.070.698/0001-11;2017-12-31;1;CIA ENERGETICA DE BRASILIA;014451;DF Consolidado - Demonstração do Fluxo de Caixa (Método Direto);REAL;MIL;ÚLTIMO;2017-01-01;2017-12-31;6.01.09;Impostos e Contribuições;-825180.0000000000;N
00.070.698/0001-11;2017-12-31;1;CIA ENERGETICA DE BRASILIA;014451;DF Consolidado - Demonstração do Fluxo de Caixa (Método Direto);REAL;MIL;PENÚLTIMO;2016-01-01;2016-12-31;6.01.10;Encargos Setoriais;-312978.0000000000;N
00.070.698/0001-11;2017-12-31;1;CIA ENERGETICA DE BRASILIA;014451;DF Consolidado - Demonstração do Fluxo de Caixa (Método Direto);REAL;MIL;ÚLTIMO;2017-01-01;2017-12-31;6.01.10;Encargos Setoriais;-353357.0000000000;N
00.070.698/0001-11;2017-12-31;1;CIA ENERGETICA DE BRASILIA;014451;DF Consolidado - Demonstração do Fluxo de Caixa (Método Direto);REAL;MIL;PENÚLTIMO;2016-01-01;2016-12-31;6.01.11;Dividendos e JCP Recebidos;0.0000000000;N
00.070.698/0001-11;2017-12-31;1;CIA ENERGETICA DE BRASILIA;014451;DF Consolidado - Demonstração do Fluxo de Caixa (Método Direto);REAL;MIL;ÚLTIMO;2017-01-01;2017-12-31;6.01.11;Dividendos e JCP Recebidos;0.0000000000;N
00.070.698/0001-11;2017-12-31;1;CIA ENERGETICA DE BRASILIA;014451;DF Consolidado - Demonstração do Fluxo de Caixa (Método Direto);REAL;MIL;PENÚLTIMO;2016-01-01;2016-12-31;6.01.12;Ressarcimento do Custo de Energia - Recursos da CDE;0.0000000000;N
00.070.698/0001-11;2017-12-31;1;CIA ENERGETICA DE BRASILIA;014451;DF Consolidado - Demonstração do Fluxo de Caixa (Método Direto);REAL;MIL;ÚLTIMO;2017-01-01;2017-12-31;6.01.12;Ressarcimento do Custo de Energia - Recursos da CDE;0.0000000000;N
00.070.698/0001-11;2017-12-31;1;CIA ENERGETICA DE BRASILIA;014451;DF Consolidado - Demonstração do Fluxo de Caixa (Método Direto);REAL;MIL;PENÚLTIMO;2016-01-01;2016-12-31;6.01.13;Resgate do Fundo de Aplicação - FIP Corumbá;0.0000000000;N
00.070.698/0001-11;2017-12-31;1;CIA ENERGETICA DE BRASILIA;014451;DF Consolidado - Demonstração do Fluxo de Caixa (Método Direto);REAL;MIL;ÚLTIMO;2017-01-01;2017-12-31;6.01.13;Resgate do Fundo de Aplicação - FIP Corumbá;0.0000000000;N
00.070.698/0001-11;2017-12-31;1;CIA ENERGETICA DE BRASILIA;014451;DF Consolidado - Demonstração do Fluxo de Caixa (Método Direto);REAL;MIL;PENÚLTIMO;2016-01-01;2016-12-31;6.01.14;Constituição de Caução CCEE;0.0000000000;N
00.070.698/0001-11;2017-12-31;1;CIA ENERGETICA DE BRASILIA;014451;DF Consolidado - Demonstração do Fluxo de Caixa (Método Direto);REAL;MIL;ÚLTIMO;2017-01-01;2017-12-31;6.01.14;Constituição de Caução CCEE;0.0000000000;N
00.070.698/0001-11;2017-12-31;1;CIA ENERGETICA DE BRASILIA;014451;DF Consolidado - Demonstração do Fluxo de Caixa (Método Direto);REAL;MIL;PENÚLTIMO;2016-01-01;2016-12-31;6.01.15;Liberação de Caução CCEE;7583.0000000000;N
00.070.698/0001-11;2017-12-31;1;CIA ENERGETICA DE BRASILIA;014451;DF Consolidado - Demonstração do Fluxo de Caixa (Método Direto);REAL;MIL;ÚLTIMO;2017-01-01;2017-12-31;6.01.15;Liberação de Caução CCEE;5903.0000000000;N
00.070.698/0001-11;2017-12-31;1;CIA ENERGETICA DE BRASILIA;014451;DF Consolidado - Demonstração do Fluxo de Caixa (Método Direto);REAL;MIL;PENÚLTIMO;2016-01-01;2016-12-31;6.01.18;Outras Despesas;-19404.0000000000;N
00.070.698/0001-11;2017-12-31;1;CIA ENERGETICA DE BRASILIA;014451;DF Consolidado - Demonstração do Fluxo de Caixa (Método Direto);REAL;MIL;ÚLTIMO;2017-01-01;2017-12-31;6.01.18;Outras Despesas;-72358.0000000000;N
00.070.698/0001-11;2017-12-31;1;CIA ENERGETICA DE BRASILIA;014451;DF Consolidado - Demonstração do Fluxo de Caixa (Método Direto);REAL;MIL;PENÚLTIMO;2016-01-01;2016-12-31;6.02;Caixa Líquido Atividades de Investimento;-45809.0000000000;S
00.070.698/0001-11;2017-12-31;1;CIA ENERGETICA DE BRASILIA;014451;DF Consolidado - Demonstração do Fluxo de Caixa (Método Direto);REAL;MIL;ÚLTIMO;2017-01-01;2017-12-31;6.02;Caixa Líquido Atividades de Investimento;-80870.0000000000;S
00.070.698/0001-11;2017-12-31;1;CIA ENERGETICA DE BRASILIA;014451;DF Consolidado - Demonstração do Fluxo de Caixa (Método Direto);REAL;MIL;PENÚLTIMO;2016-01-01;2016-12-31;6.02.01;Aquisição de Ativos Financeiros da Concessão, Intangíveis e Imobilizados;-39617.0000000000;N
00.070.698/0001-11;2017-12-31;1;CIA ENERGETICA DE BRASILIA;014451;DF Consolidado - Demonstração do Fluxo de Caixa (Método Direto);REAL;MIL;ÚLTIMO;2017-01-01;2017-12-31;6.02.01;Aquisição de Ativos Financeiros da Concessão, Intangíveis e Imobilizados;-59847.0000000000;N
00.070.698/0001-11;2017-12-31;1;CIA ENERGETICA DE BRASILIA;014451;DF Consolidado - Demonstração do Fluxo de Caixa (Método Direto);REAL;MIL;PENÚLTIMO;2016-01-01;2016-12-31;6.02.02;Alienação de Imobilizado;0.0000000000;N
00.070.698/0001-11;2017-12-31;1;CIA ENERGETICA DE BRASILIA;014451;DF Consolidado - Demonstração do Fluxo de Caixa (Método Direto);REAL;MIL;ÚLTIMO;2017-01-01;2017-12-31;6.02.02;Alienação de Imobilizado;0.0000000000;N
00.070.698/0001-11;2017-12-31;1;CIA ENERGETICA DE BRASILIA;014451;DF Consolidado - Demonstração do Fluxo de Caixa (Método Direto);REAL;MIL;PENÚLTIMO;2016-01-01;2016-12-31;6.02.03;Aquisição de Investimentos;0.0000000000;N
00.070.698/0001-11;2017-12-31;1;CIA ENERGETICA DE BRASILIA;014451;DF Consolidado - Demonstração do Fluxo de Caixa (Método Direto);REAL;MIL;ÚLTIMO;2017-01-01;2017-12-31;6.02.03;Aquisição de Investimentos;0.0000000000;N
00.070.698/0001-11;2017-12-31;1;CIA ENERGETICA DE BRASILIA;014451;DF Consolidado - Demonstração do Fluxo de Caixa (Método Direto);REAL;MIL;PENÚLTIMO;2016-01-01;2016-12-31;6.02.04;Alienação de Investimentos;0.0000000000;N
00.070.698/0001-11;2017-12-31;1;CIA ENERGETICA DE BRASILIA;014451;DF Consolidado - Demonstração do Fluxo de Caixa (Método Direto);REAL;MIL;ÚLTIMO;2017-01-01;2017-12-31;6.02.04;Alienação de Investimentos;0.0000000000;N
00.070.698/0001-11;2017-12-31;1;CIA ENERGETICA DE BRASILIA;014451;DF Consolidado - Demonstração do Fluxo de Caixa (Método Direto);REAL;MIL;PENÚLTIMO;2016-01-01;2016-12-31;6.02.05;Adiantamento para Futuro Aumento de Capital;0.0000000000;N
00.070.698/0001-11;2017-12-31;1;CIA ENERGETICA DE BRASILIA;014451;DF Consolidado - Demonstração do Fluxo de Caixa (Método Direto);REAL;MIL;ÚLTIMO;2017-01-01;2017-12-31;6.02.05;Adiantamento para Futuro Aumento de Capital;0.0000000000;N
00.070.698/0001-11;2017-12-31;1;CIA ENERGETICA DE BRASILIA;014451;DF Consolidado - Demonstração do Fluxo de Caixa (Método Direto);REAL;MIL;PENÚLTIMO;2016-01-01;2016-12-31;6.02.06;Aplicações Financeiras;-6000.0000000000;N
00.070.698/0001-11;2017-12-31;1;CIA ENERGETICA DE BRASILIA;014451;DF Consolidado - Demonstração do Fluxo de Caixa (Método Direto);REAL;MIL;ÚLTIMO;2017-01-01;2017-12-31;6.02.06;Aplicações Financeiras;0.0000000000;N
00.070.698/0001-11;2017-12-31;1;CIA ENERGETICA DE BRASILIA;014451;DF Consolidado - Demonstração do Fluxo de Caixa (Método Direto);REAL;MIL;PENÚLTIMO;2016-01-01;2016-12-31;6.02.07;Concessão de Empréstimos;-192.0000000000;N
00.070.698/0001-11;2017-12-31;1;CIA ENERGETICA DE BRASILIA;014451;DF Consolidado - Demonstração do Fluxo de Caixa (Método Direto);REAL;MIL;ÚLTIMO;2017-01-01;2017-12-31;6.02.07;Concessão de Empréstimos;-7651.0000000000;N
00.070.698/0001-11;2017-12-31;1;CIA ENERGETICA DE BRASILIA;014451;DF Consolidado - Demonstração do Fluxo de Caixa (Método Direto);REAL;MIL;PENÚLTIMO;2016-01-01;2016-12-31;6.02.08;Recursos Oriundos de Redução de Capital em Investida;0.0000000000;N
00.070.698/0001-11;2017-12-31;1;CIA ENERGETICA DE BRASILIA;014451;DF Consolidado - Demonstração do Fluxo de Caixa (Método Direto);REAL;MIL;ÚLTIMO;2017-01-01;2017-12-31;6.02.08;Recursos Oriundos de Redução de Capital em Investida;-13372.0000000000;N
00.070.698/0001-11;2017-12-31;1;CIA ENERGETICA DE BRASILIA;014451;DF Consolidado - Demonstração do Fluxo de Caixa (Método Direto);REAL;MIL;PENÚLTIMO;2016-01-01;2016-12-31;6.02.09;Outros;0.0000000000;N
00.070.698/0001-11;2017-12-31;1;CIA ENERGETICA DE BRASILIA;014451;DF Consolidado - Demonstração do Fluxo de Caixa (Método Direto);REAL;MIL;ÚLTIMO;2017-01-01;2017-12-31;6.02.09;Outros;0.0000000000;N
00.070.698/0001-11;2017-12-31;1;CIA ENERGETICA DE BRASILIA;014451;DF Consolidado - Demonstração do Fluxo de Caixa (Método Direto);REAL;MIL;PENÚLTIMO;2016-01-01;2016-12-31;6.03;Caixa Líquido Atividades de Financiamento;-44678.0000000000;S
00.070.698/0001-11;2017-12-31;1;CIA ENERGETICA DE BRASILIA;014451;DF Consolidado - Demonstração do Fluxo de Caixa (Método Direto);REAL;MIL;ÚLTIMO;2017-01-01;2017-12-31;6.03;Caixa Líquido Atividades de Financiamento;68819.0000000000;S
00.070.698/0001-11;2017-12-31;1;CIA ENERGETICA DE BRASILIA;014451;DF Consolidado - Demonstração do Fluxo de Caixa (Método Direto);REAL;MIL;PENÚLTIMO;2016-01-01;2016-12-31;6.03.01;Dividendos e Juros Sobre Capital Próprio Pagos;-37217.0000000000;N
00.070.698/0001-11;2017-12-31;1;CIA ENERGETICA DE BRASILIA;014451;DF Consolidado - Demonstração do Fluxo de Caixa (Método Direto);REAL;MIL;ÚLTIMO;2017-01-01;2017-12-31;6.03.01;Dividendos e Juros Sobre Capital Próprio Pagos;-34652.0000000000;N
00.070.698/0001-11;2017-12-31;1;CIA ENERGETICA DE BRASILIA;014451;DF Consolidado - Demonstração do Fluxo de Caixa (Método Direto);REAL;MIL;PENÚLTIMO;2016-01-01;2016-12-31;6.03.02;Empréstimos e Financiamentos Obtdos;71327.0000000000;N
00.070.698/0001-11;2017-12-31;1;CIA ENERGETICA DE BRASILIA;014451;DF Consolidado - Demonstração do Fluxo de Caixa (Método Direto);REAL;MIL;ÚLTIMO;2017-01-01;2017-12-31;6.03.02;Empréstimos e Financiamentos Obtdos;225787.0000000000;N
00.070.698/0001-11;2017-12-31;1;CIA ENERGETICA DE BRASILIA;014451;DF Consolidado - Demonstração do Fluxo de Caixa (Método Direto);REAL;MIL;PENÚLTIMO;2016-01-01;2016-12-31;6.03.03;Amortização de Empréstimos e Financiamentos;-79201.0000000000;N
00.070.698/0001-11;2017-12-31;1;CIA ENERGETICA DE BRASILIA;014451;DF Consolidado - Demonstração do Fluxo de Caixa (Método Direto);REAL;MIL;ÚLTIMO;2017-01-01;2017-12-31;6.03.03;Amortização de Empréstimos e Financiamentos;-117697.0000000000;N
00.070.698/0001-11;2017-12-31;1;CIA ENERGETICA DE BRASILIA;014451;DF Consolidado - Demonstração do Fluxo de Caixa (Método Direto);REAL;MIL;PENÚLTIMO;2016-01-01;2016-12-31;6.03.04;Adiantamento para Futuro Aumento de Capital;413.0000000000;N
00.070.698/0001-11;2017-12-31;1;CIA ENERGETICA DE BRASILIA;014451;DF Consolidado - Demonstração do Fluxo de Caixa (Método Direto);REAL;MIL;ÚLTIMO;2017-01-01;2017-12-31;6.03.04;Adiantamento para Futuro Aumento de Capital;246.0000000000;N
00.070.698/0001-11;2017-12-31;1;CIA ENERGETICA DE BRASILIA;014451;DF Consolidado - Demonstração do Fluxo de Caixa (Método Direto);REAL;MIL;PENÚLTIMO;2016-01-01;2016-12-31;6.03.05;Outros;0.0000000000;N
00.070.698/0001-11;2017-12-31;1;CIA ENERGETICA DE BRASILIA;014451;DF Consolidado - Demonstração do Fluxo de Caixa (Método Direto);REAL;MIL;ÚLTIMO;2017-01-01;2017-12-31;6.03.05;Outros;-4344.0000000000;N
00.070.698/0001-11;2017-12-31;1;CIA ENERGETICA DE BRASILIA;014451;DF Consolidado - Demonstração do Fluxo de Caixa (Método Direto);REAL;MIL;PENÚLTIMO;2016-01-01;2016-12-31;6.03.06;Custo de Transação;0.0000000000;N
00.070.698/0001-11;2017-12-31;1;CIA ENERGETICA DE BRASILIA;014451;DF Consolidado - Demonstração do Fluxo de Caixa (Método Direto);REAL;MIL;ÚLTIMO;2017-01-01;2017-12-31;6.03.06;Custo de Transação;-521.0000000000;N
00.070.698/0001-11;2017-12-31;1;CIA ENERGETICA DE BRASILIA;014451;DF Consolidado - Demonstração do Fluxo de Caixa (Método Direto);REAL;MIL;PENÚLTIMO;2016-01-01;2016-12-31;6.04;Variação Cambial s/ Caixa e Equivalentes;0.0000000000;S
00.070.698/0001-11;2017-12-31;1;CIA ENERGETICA DE BRASILIA;014451;DF Consolidado - Demonstração do Fluxo de Caixa (Método Direto);REAL;MIL;ÚLTIMO;2017-01-01;2017-12-31;6.04;Variação Cambial s/ Caixa e Equivalentes;0.0000000000;S
00.070.698/0001-11;2017-12-31;1;CIA ENERGETICA DE BRASILIA;014451;DF Consolidado - Demonstração do Fluxo de Caixa (Método Direto);REAL;MIL;PENÚLTIMO;2016-01-01;2016-12-31;6.05;Aumento (Redução) de Caixa e Equivalentes;7998.0000000000;S
00.070.698/0001-11;2017-12-31;1;CIA ENERGETICA DE BRASILIA;014451;DF Consolidado - Demonstração do Fluxo de Caixa (Método Direto);REAL;MIL;ÚLTIMO;2017-01-01;2017-12-31;6.05;Aumento (Redução) de Caixa e Equivalentes;5960.0000000000;S
00.070.698/0001-11;2017-12-31;1;CIA ENERGETICA DE BRASILIA;014451;DF Consolidado - Demonstração do Fluxo de Caixa (Método Direto);REAL;MIL;PENÚLTIMO;2016-01-01;2016-12-31;6.05.01;Saldo Inicial de Caixa e Equivalentes;78043.0000000000;S
00.070.698/0001-11;2017-12-31;1;CIA ENERGETICA DE BRASILIA;014451;DF Consolidado - Demonstração do Fluxo de Caixa (Método Direto);REAL;MIL;ÚLTIMO;2017-01-01;2017-12-31;6.05.01;Saldo Inicial de Caixa e Equivalentes;86041.0000000000;S
00.070.698/0001-11;2017-12-31;1;CIA ENERGETICA DE BRASILIA;014451;DF Consolidado - Demonstração do Fluxo de Caixa (Método Direto);REAL;MIL;PENÚLTIMO;2016-01-01;2016-12-31;6.05.02;Saldo Final de Caixa e Equivalentes;86041.0000000000;S
00.070.698/0001-11;2017-12-31;1;CIA ENERGETICA DE BRASILIA;014451;DF Consolidado - Demonstração do Fluxo de Caixa (Método Direto);REAL;MIL;ÚLTIMO;2017-01-01;2017-12-31;6.05.02;Saldo Final de Caixa e Equivalentes;92001.0000000000;S
07.437.016/0001-05;2017-12-31;1;CINESYSTEM S.A.;023965;DF Consolidado - Demonstração do Fluxo de Caixa (Método Direto);REAL;MIL;PENÚLTIMO;2016-01-01;2016-12-31;6.01;Caixa Líquido Atividades Operacionais;5730.0000000000;S
07.437.016/0001-05;2017-12-31;1;CINESYSTEM S.A.;023965;DF Consolidado - Demonstração do Fluxo de Caixa (Método Direto);REAL;MIL;ÚLTIMO;2017-01-01;2017-12-31;6.01;Caixa Líquido Atividades Operacionais;12953.0000000000;S
07.437.016/0001-05;2017-12-31;1;CINESYSTEM S.A.;023965;DF Consolidado - Demonstração do Fluxo de Caixa (Método Direto);REAL;MIL;PENÚLTIMO;2016-01-01;2016-12-31;6.01.01;Lucro Líquido (Prejuízo) do exercício;1517.0000000000;N
07.437.016/0001-05;2017-12-31;1;CINESYSTEM S.A.;023965;DF Consolidado - Demonstração do Fluxo de Caixa (Método Direto);REAL;MIL;ÚLTIMO;2017-01-01;2017-12-31;6.01.01;Lucro Líquido (Prejuízo) do exercício;2396.0000000000;N
07.437.016/0001-05;2017-12-31;1;CINESYSTEM S.A.;023965;DF Consolidado - Demonstração do Fluxo de Caixa (Método Direto);REAL;MIL;PENÚLTIMO;2016-01-01;2016-12-31;6.01.02;Depreciação;6863.0000000000;N
07.437.016/0001-05;2017-12-31;1;CINESYSTEM S.A.;023965;DF Consolidado - Demonstração do Fluxo de Caixa (Método Direto);REAL;MIL;ÚLTIMO;2017-01-01;2017-12-31;6.01.02;Depreciação;9082.0000000000;N
07.437.016/0001-05;2017-12-31;1;CINESYSTEM S.A.;023965;DF Consolidado - Demonstração do Fluxo de Caixa (Método Direto);REAL;MIL;PENÚLTIMO;2016-01-01;2016-12-31;6.01.03;Amortização;145.0000000000;N
07.437.016/0001-05;2017-12-31;1;CINESYSTEM S.A.;023965;DF Consolidado - Demonstração do Fluxo de Caixa (Método Direto);REAL;MIL;ÚLTIMO;2017-01-01;2017-12-31;6.01.03;Amortização;271.0000000000;N
07.437.016/0001-05;2017-12-31;1;CINESYSTEM S.A.;023965;DF Consolidado - Demonstração do Fluxo de Caixa (Método Direto);REAL;MIL;PENÚLTIMO;2016-01-01;2016-12-31;6.01.04;Juros sobre emprestimos e financiamentos;1088.0000000000;N
07.437.016/0001-05;2017-12-31;1;CINESYSTEM S.A.;023965;DF Consolidado - Demonstração do Fluxo de Caixa (Método Direto);REAL;MIL;ÚLTIMO;2017-01-01;2017-12-31;6.01.04;Juros sobre emprestimos e financiamentos;1471.0000000000;N
07.437.016/0001-05;2017-12-31;1;CINESYSTEM S.A.;023965;DF Consolidado - Demonstração do Fluxo de Caixa (Método Direto);REAL;MIL;PENÚLTIMO;2016-01-01;2016-12-31;6.01.05;Valor residual alienação de ativos imob. e intangível;108.0000000000;N
07.437.016/0001-05;2017-12-31;1;CINESYSTEM S.A.;023965;DF Consolidado - Demonstração do Fluxo de Caixa (Método Direto);REAL;MIL;ÚLTIMO;2017-01-01;2017-12-31;6.01.05;Valor residual alienação de ativos imob. e intangível;136.0000000000;N
07.437.016/0001-05;2017-12-31;1;CINESYSTEM S.A.;023965;DF Consolidado - Demonstração do Fluxo de Caixa (Método Direto);REAL;MIL;PENÚLTIMO;2016-01-01;2016-12-31;6.01.06;Provisão para contingências;493.0000000000;N
07.437.016/0001-05;2017-12-31;1;CINESYSTEM S.A.;023965;DF Consolidado - Demonstração do Fluxo de Caixa (Método Direto);REAL;MIL;ÚLTIMO;2017-01-01;2017-12-31;6.01.06;Provisão para contingências;-26.0000000000;N
07.437.016/0001-05;2017-12-31;1;CINESYSTEM S.A.;023965;DF Consolidado - Demonstração do Fluxo de Caixa (Método Direto);REAL;MIL;PENÚLTIMO;2016-01-01;2016-12-31;6.01.07;Resultado líquido valor presente e justo e subvenções;-950.0000000000;N
07.437.016/0001-05;2017-12-31;1;CINESYSTEM S.A.;023965;DF Consolidado - Demonstração do Fluxo de Caixa (Método Direto);REAL;MIL;ÚLTIMO;2017-01-01;2017-12-31;6.01.07;Resultado líquido valor presente e justo e subvenções;-621.0000000000;N
07.437.016/0001-05;2017-12-31;1;CINESYSTEM S.A.;023965;DF Consolidado - Demonstração do Fluxo de Caixa (Método Direto);REAL;MIL;PENÚLTIMO;2016-01-01;2016-12-31;6.01.08;Resultado de mudança de percentual;0.0000000000;N
07.437.016/0001-05;2017-12-31;1;CINESYSTEM S.A.;023965;DF Consolidado - Demonstração do Fluxo de Caixa (Método Direto);REAL;MIL;ÚLTIMO;2017-01-01;2017-12-31;6.01.08;Resultado de mudança de percentual;0.0000000000;N
07.437.016/0001-05;2017-12-31;1;CINESYSTEM S.A.;023965;DF Consolidado - Demonstração do Fluxo de Caixa (Método Direto);REAL;MIL;PENÚLTIMO;2016-01-01;2016-12-31;6.01.09;Imposto de renda e contribuição social diferidos;-698.0000000000;N
07.437.016/0001-05;2017-12-31;1;CINESYSTEM S.A.;023965;DF Consolidado - Demonstração do Fluxo de Caixa (Método Direto);REAL;MIL;ÚLTIMO;2017-01-01;2017-12-31;6.01.09;Imposto de renda e contribuição social diferidos;910.0000000000;N
07.437.016/0001-05;2017-12-31;1;CINESYSTEM S.A.;023965;DF Consolidado - Demonstração do Fluxo de Caixa (Método Direto);REAL;MIL;PENÚLTIMO;2016-01-01;2016-12-31;6.01.10;Aplicações financeiras;-377.0000000000;N
07.437.016/0001-05;2017-12-31;1;CINESYSTEM S.A.;023965;DF Consolidado - Demonstração do Fluxo de Caixa (Método Direto);REAL;MIL;ÚLTIMO;2017-01-01;2017-12-31;6.01.10;Aplicações financeiras;908.0000000000;N
07.437.016/0001-05;2017-12-31;1;CINESYSTEM S.A.;023965;DF Consolidado - Demonstração do Fluxo de Caixa (Método Direto);REAL;MIL;PENÚLTIMO;2016-01-01;2016-12-31;6.01.11;Contas a receber de clientes;-830.0000000000;N
07.437.016/0001-05;2017-12-31;1;CINESYSTEM S.A.;023965;DF Consolidado - Demonstração do Fluxo de Caixa (Método Direto);REAL;MIL;ÚLTIMO;2017-01-01;2017-12-31;6.01.11;Contas a receber de clientes;-1384.0000000000;N
07.437.016/0001-05;2017-12-31;1;CINESYSTEM S.A.;023965;DF Consolidado - Demonstração do Fluxo de Caixa (Método Direto);REAL;MIL;PENÚLTIMO;2016-01-01;2016-12-31;6.01.12;Estoques;18.0000000000;N
07.437.016/0001-05;2017-12-31;1;CINESYSTEM S.A.;023965;DF Consolidado - Demonstração do Fluxo de Caixa (Método Direto);REAL;MIL;ÚLTIMO;2017-01-01;2017-12-31;6.01.12;Estoques;-532.0000000000;N
07.437.016/0001-05;2017-12-31;1;CINESYSTEM S.A.;023965;DF Consolidado - Demonstração do Fluxo de Caixa (Método Direto);REAL;MIL;PENÚLTIMO;2016-01-01;2016-12-31;6.01.13;Impostos a recuperar;-176.0000000000;N
07.437.016/0001-05;2017-12-31;1;CINESYSTEM S.A.;023965;DF Consolidado - Demonstração do Fluxo de Caixa (Método Direto);REAL;MIL;ÚLTIMO;2017-01-01;2017-12-31;6.01.13;Impostos a recuperar;-1053.0000000000;N
07.437.016/0001-05;2017-12-31;1;CINESYSTEM S.A.;023965;DF Consolidado - Demonstração do Fluxo de Caixa (Método Direto);REAL;MIL;PENÚLTIMO;2016-01-01;2016-12-31;6.01.14;Adiantamentos a fornecedores e funcionários;0.0000000000;N
07.437.016/0001-05;2017-12-31;1;CINESYSTEM S.A.;023965;DF Consolidado - Demonstração do Fluxo de Caixa (Método Direto);REAL;MIL;ÚLTIMO;2017-01-01;2017-12-31;6.01.14;Adiantamentos a fornecedores e funcionários;0.0000000000;N
07.437.016/0001-05;2017-12-31;1;CINESYSTEM S.A.;023965;DF Consolidado - Demonstração do Fluxo de Caixa (Método Direto);REAL;MIL;PENÚLTIMO;2016-01-01;2016-12-31;6.01.15;Outros créditos;-381.0000000000;N
07.437.016/0001-05;2017-12-31;1;CINESYSTEM S.A.;023965;DF Consolidado - Demonstração do Fluxo de Caixa (Método Direto);REAL;MIL;ÚLTIMO;2017-01-01;2017-12-31;6.01.15;Outros créditos;1476.0000000000;N
07.437.016/0001-05;2017-12-31;1;CINESYSTEM S.A.;023965;DF Consolidado - Demonstração do Fluxo de Caixa (Método Direto);REAL;MIL;PENÚLTIMO;2016-01-01;2016-12-31;6.01.16;Despesas antecipadas;-144.0000000000;N
07.437.016/0001-05;2017-12-31;1;CINESYSTEM S.A.;023965;DF Consolidado - Demonstração do Fluxo de Caixa (Método Direto);REAL;MIL;ÚLTIMO;2017-01-01;2017-12-31;6.01.16;Despesas antecipadas;-61.0000000000;N
07.437.016/0001-05;2017-12-31;1;CINESYSTEM S.A.;023965;DF Consolidado - Demonstração do Fluxo de Caixa (Método Direto);REAL;MIL;PENÚLTIMO;2016-01-01;2016-12-31;6.01.17;Fornecedores e outras obrigações;-584.0000000000;N
07.437.016/0001-05;2017-12-31;1;CINESYSTEM S.A.;023965;DF Consolidado - Demonstração do Fluxo de Caixa (Método Direto);REAL;MIL;ÚLTIMO;2017-01-01;2017-12-31;6.01.17;Fornecedores e outras obrigações;2323.0000000000;N
07.437.016/0001-05;2017-12-31;1;CINESYSTEM S.A.;023965;DF Consolidado - Demonstração do Fluxo de Caixa (Método Direto);REAL;MIL;PENÚLTIMO;2016-01-01;2016-12-31;6.01.18;Obrigações tributárias e sociais, impostos parcelados;1770.0000000000;N
07.437.016/0001-05;2017-12-31;1;CINESYSTEM S.A.;023965;DF Consolidado - Demonstração do Fluxo de Caixa (Método Direto);REAL;MIL;ÚLTIMO;2017-01-01;2017-12-31;6.01.18;Obrigações tributárias e sociais, impostos parcelados;281.0000000000;N
07.437.016/0001-05;2017-12-31;1;CINESYSTEM S.A.;023965;DF Consolidado - Demonstração do Fluxo de Caixa (Método Direto);REAL;MIL;PENÚLTIMO;2016-01-01;2016-12-31;6.01.19;Juros pagos;-1044.0000000000;N
07.437.016/0001-05;2017-12-31;1;CINESYSTEM S.A.;023965;DF Consolidado - Demonstração do Fluxo de Caixa (Método Direto);REAL;MIL;ÚLTIMO;2017-01-01;2017-12-31;6.01.19;Juros pagos;-1196.0000000000;N
07.437.016/0001-05;2017-12-31;1;CINESYSTEM S.A.;023965;DF Consolidado - Demonstração do Fluxo de Caixa (Método Direto);REAL;MIL;PENÚLTIMO;2016-01-01;2016-12-31;6.01.20;Impostos pagos sobre o lucro;-1088.0000000000;N
07.437.016/0001-05;2017-12-31;1;CINESYSTEM S.A.;023965;DF Consolidado - Demonstração do Fluxo de Caixa (Método Direto);REAL;MIL;ÚLTIMO;2017-01-01;2017-12-31;6.01.20;Impostos pagos sobre o lucro;-1428.0000000000;N
07.437.016/0001-05;2017-12-31;1;CINESYSTEM S.A.;023965;DF Consolidado - Demonstração do Fluxo de Caixa (Método Direto);REAL;MIL;PENÚLTIMO;2016-01-01;2016-12-31;6.02;Caixa Líquido Atividades de Investimento;-20768.0000000000;S
07.437.016/0001-05;2017-12-31;1;CINESYSTEM S.A.;023965;DF Consolidado - Demonstração do Fluxo de Caixa (Método Direto);REAL;MIL;ÚLTIMO;2017-01-01;2017-12-31;6.02;Caixa Líquido Atividades de Investimento;-12834.0000000000;S
07.437.016/0001-05;2017-12-31;1;CINESYSTEM S.A.;023965;DF Consolidado - Demonstração do Fluxo de Caixa (Método Direto);REAL;MIL;PENÚLTIMO;2016-01-01;2016-12-31;6.02.01;Aquisição de ativo imobilizado e intangível;-21479.0000000000;N
07.437.016/0001-05;2017-12-31;1;CINESYSTEM S.A.;023965;DF Consolidado - Demonstração do Fluxo de Caixa (Método Direto);REAL;MIL;ÚLTIMO;2017-01-01;2017-12-31;6.02.01;Aquisição de ativo imobilizado e intangível;-13203.0000000000;N
07.437.016/0001-05;2017-12-31;1;CINESYSTEM S.A.;023965;DF Consolidado - Demonstração do Fluxo de Caixa (Método Direto);REAL;MIL;PENÚLTIMO;2016-01-01;2016-12-31;6.02.02;Adiantamento para futuro aumento de capital;0.0000000000;N
07.437.016/0001-05;2017-12-31;1;CINESYSTEM S.A.;023965;DF Consolidado - Demonstração do Fluxo de Caixa (Método Direto);REAL;MIL;ÚLTIMO;2017-01-01;2017-12-31;6.02.02;Adiantamento para futuro aumento de capital;0.0000000000;N
07.437.016/0001-05;2017-12-31;1;CINESYSTEM S.A.;023965;DF Consolidado - Demonstração do Fluxo de Caixa (Método Direto);REAL;MIL;PENÚLTIMO;2016-01-01;2016-12-31;6.02.03;Dividendos recebidos;0.0000000000;N
07.437.016/0001-05;2017-12-31;1;CINESYSTEM S.A.;023965;DF Consolidado - Demonstração do Fluxo de Caixa (Método Direto);REAL;MIL;ÚLTIMO;2017-01-01;2017-12-31;6.02.03;Dividendos recebidos;0.0000000000;N
07.437.016/0001-05;2017-12-31;1;CINESYSTEM S.A.;023965;DF Consolidado - Demonstração do Fluxo de Caixa (Método Direto);REAL;MIL;PENÚLTIMO;2016-01-01;2016-12-31;6.02.04;Aumento de capital em controladas;0.0000000000;N
07.437.016/0001-05;2017-12-31;1;CINESYSTEM S.A.;023965;DF Consolidado - Demonstração do Fluxo de Caixa (Método Direto);REAL;MIL;ÚLTIMO;2017-01-01;2017-12-31;6.02.04;Aumento de capital em controladas;0.0000000000;N
07.437.016/0001-05;2017-12-31;1;CINESYSTEM S.A.;023965;DF Consolidado - Demonstração do Fluxo de Caixa (Método Direto);REAL;MIL;PENÚLTIMO;2016-01-01;2016-12-31;6.02.05;Investimentos cisão Rio;0.0000000000;N
07.437.016/0001-05;2017-12-31;1;CINESYSTEM S.A.;023965;DF Consolidado - Demonstração do Fluxo de Caixa (Método Direto);REAL;MIL;ÚLTIMO;2017-01-01;2017-12-31;6.02.05;Investimentos cisão Rio;0.0000000000;N
07.437.016/0001-05;2017-12-31;1;CINESYSTEM S.A.;023965;DF Consolidado - Demonstração do Fluxo de Caixa (Método Direto);REAL;MIL;PENÚLTIMO;2016-01-01;2016-12-31;6.02.06;Outros investimentos;0.0000000000;N
07.437.016/0001-05;2017-12-31;1;CINESYSTEM S.A.;023965;DF Consolidado - Demonstração do Fluxo de Caixa (Método Direto);REAL;MIL;ÚLTIMO;2017-01-01;2017-12-31;6.02.06;Outros investimentos;0.0000000000;N
07.437.016/0001-05;2017-12-31;1;CINESYSTEM S.A.;023965;DF Consolidado - Demonstração do Fluxo de Caixa (Método Direto);REAL;MIL;PENÚLTIMO;2016-01-01;2016-12-31;6.02.07;Recebimento de vendas de ativos;711.0000000000;N
07.437.016/0001-05;2017-12-31;1;CINESYSTEM S.A.;023965;DF Consolidado - Demonstração do Fluxo de Caixa (Método Direto);REAL;MIL;ÚLTIMO;2017-01-01;2017-12-31;6.02.07;Recebimento de vendas de ativos;369.0000000000;N
07.437.016/0001-05;2017-12-31;1;CINESYSTEM S.A.;023965;DF Consolidado - Demonstração do Fluxo de Caixa (Método Direto);REAL;MIL;PENÚLTIMO;2016-01-01;2016-12-31;6.03;Caixa Líquido Atividades de Financiamento;14694.0000000000;S
07.437.016/0001-05;2017-12-31;1;CINESYSTEM S.A.;023965;DF Consolidado - Demonstração do Fluxo de Caixa (Método Direto);REAL;MIL;ÚLTIMO;2017-01-01;2017-12-31;6.03;Caixa Líquido Atividades de Financiamento;2328.0000000000;S
07.437.016/0001-05;2017-12-31;1;CINESYSTEM S.A.;023965;DF Consolidado - Demonstração do Fluxo de Caixa (Método Direto);REAL;MIL;PENÚLTIMO;2016-01-01;2016-12-31;6.03.01;Aporte de capital de acionistas;0.0000000000;N
07.437.016/0001-05;2017-12-31;1;CINESYSTEM S.A.;023965;DF Consolidado - Demonstração do Fluxo de Caixa (Método Direto);REAL;MIL;ÚLTIMO;2017-01-01;2017-12-31;6.03.01;Aporte de capital de acionistas;0.0000000000;N
07.437.016/0001-05;2017-12-31;1;CINESYSTEM S.A.;023965;DF Consolidado - Demonstração do Fluxo de Caixa (Método Direto);REAL;MIL;PENÚLTIMO;2016-01-01;2016-12-31;6.03.02;Outras transações de capital;0.0000000000;N
07.437.016/0001-05;2017-12-31;1;CINESYSTEM S.A.;023965;DF Consolidado - Demonstração do Fluxo de Caixa (Método Direto);REAL;MIL;ÚLTIMO;2017-01-01;2017-12-31;6.03.02;Outras transações de capital;0.0000000000;N
07.437.016/0001-05;2017-12-31;1;CINESYSTEM S.A.;023965;DF Consolidado - Demonstração do Fluxo de Caixa (Método Direto);REAL;MIL;PENÚLTIMO;2016-01-01;2016-12-31;6.03.03;Contratação de empréstimos e financiamentos;12644.0000000000;N
07.437.016/0001-05;2017-12-31;1;CINESYSTEM S.A.;023965;DF Consolidado - Demonstração do Fluxo de Caixa (Método Direto);REAL;MIL;ÚLTIMO;2017-01-01;2017-12-31;6.03.03;Contratação de empréstimos e financiamentos;10903.0000000000;N
07.437.016/0001-05;2017-12-31;1;CINESYSTEM S.A.;023965;DF Consolidado - Demonstração do Fluxo de Caixa (Método Direto);REAL;MIL;PENÚLTIMO;2016-01-01;2016-12-31;6.03.04;Pagamento de empréstimos e financiamentos;-7039.0000000000;N
07.437.016/0001-05;2017-12-31;1;CINESYSTEM S.A.;023965;DF Consolidado - Demonstração do Fluxo de Caixa (Método Direto);REAL;MIL;ÚLTIMO;2017-01-01;2017-12-31;6.03.04;Pagamento de empréstimos e financiamentos;-8575.0000000000;N
07.437.016/0001-05;2017-12-31;1;CINESYSTEM S.A.;023965;DF Consolidado - Demonstração do Fluxo de Caixa (Método Direto);REAL;MIL;PENÚLTIMO;2016-01-01;2016-12-31;6.03.05;Dividendos pagos;0.0000000000;N
07.437.016/0001-05;2017-12-31;1;CINESYSTEM S.A.;023965;DF Consolidado - Demonstração do Fluxo de Caixa (Método Direto);REAL;MIL;ÚLTIMO;2017-01-01;2017-12-31;6.03.05;Dividendos pagos;0.0000000000;N
07.437.016/0001-05;2017-12-31;1;CINESYSTEM S.A.;023965;DF Consolidado - Demonstração do Fluxo de Caixa (Método Direto);REAL;MIL;PENÚLTIMO;2016-01-01;2016-12-31;6.03.06;Subvenções Governamentais;9089.0000000000;N
07.437.016/0001-05;2017-12-31;1;CINESYSTEM S.A.;023965;DF Consolidado - Demonstração do Fluxo de Caixa (Método Direto);REAL;MIL;ÚLTIMO;2017-01-01;2017-12-31;6.03.06;Subvenções Governamentais;0.0000000000;N
07.437.016/0001-05;2017-12-31;1;CINESYSTEM S.A.;023965;DF Consolidado - Demonstração do Fluxo de Caixa (Método Direto);REAL;MIL;PENÚLTIMO;2016-01-01;2016-12-31;6.04;Variação Cambial s/ Caixa e Equivalentes;0.0000000000;S
07.437.016/0001-05;2017-12-31;1;CINESYSTEM S.A.;023965;DF Consolidado - Demonstração do Fluxo de Caixa (Método Direto);REAL;MIL;ÚLTIMO;2017-01-01;2017-12-31;6.04;Variação Cambial s/ Caixa e Equivalentes;0.0000000000;S
07.437.016/0001-05;2017-12-31;1;CINESYSTEM S.A.;023965;DF Consolidado - Demonstração do Fluxo de Caixa (Método Direto);REAL;MIL;PENÚLTIMO;2016-01-01;2016-12-31;6.05;Aumento (Redução) de Caixa e Equivalentes;-344.0000000000;S
07.437.016/0001-05;2017-12-31;1;CINESYSTEM S.A.;023965;DF Consolidado - Demonstração do Fluxo de Caixa (Método Direto);REAL;MIL;ÚLTIMO;2017-01-01;2017-12-31;6.05;Aumento (Redução) de Caixa e Equivalentes;2447.0000000000;S
07.437.016/0001-05;2017-12-31;1;CINESYSTEM S.A.;023965;DF Consolidado - Demonstração do Fluxo de Caixa (Método Direto);REAL;MIL;PENÚLTIMO;2016-01-01;2016-12-31;6.05.01;Saldo Inicial de Caixa e Equivalentes;2222.0000000000;S
07.437.016/0001-05;2017-12-31;1;CINESYSTEM S.A.;023965;DF Consolidado - Demonstração do Fluxo de Caixa (Método Direto);REAL;MIL;ÚLTIMO;2017-01-01;2017-12-31;6.05.01;Saldo Inicial de Caixa e Equivalentes;1878.0000000000;S
07.437.016/0001-05;2017-12-31;1;CINESYSTEM S.A.;023965;DF Consolidado - Demonstração do Fluxo de Caixa (Método Direto);REAL;MIL;PENÚLTIMO;2016-01-01;2016-12-31;6.05.02;Saldo Final de Caixa e Equivalentes;1878.0000000000;S
07.437.016/0001-05;2017-12-31;1;CINESYSTEM S.A.;023965;DF Consolidado - Demonstração do Fluxo de Caixa (Método Direto);REAL;MIL;ÚLTIMO;2017-01-01;2017-12-31;6.05.02;Saldo Final de Caixa e Equivalentes;4325.0000000000;S
08.560.444/0001-93;2017-12-31;2;CIA CELG DE PARTICIPACOES - CELGPAR;021393;DF Consolidado - Demonstração do Fluxo de Caixa (Método Direto);REAL;MIL;PENÚLTIMO;2016-01-01;2016-12-31;6.01;Caixa Líquido Atividades Operacionais;2659.0000000000;S
08.560.444/0001-93;2017-12-31;2;CIA CELG DE PARTICIPACOES - CELGPAR;021393;DF Consolidado - Demonstração do Fluxo de Caixa (Método Direto);REAL;MIL;ÚLTIMO;2017-01-01;2017-12-31;6.01;Caixa Líquido Atividades Operacionais;-244354.0000000000;S
08.560.444/0001-93;2017-12-31;2;CIA CELG DE PARTICIPACOES - CELGPAR;021393;DF Consolidado - Demonstração do Fluxo de Caixa (Método Direto);REAL;MIL;PENÚLTIMO;2016-01-01;2016-12-31;6.01.01;Recebimentos de Clientes;69627.0000000000;N
08.560.444/0001-93;2017-12-31;2;CIA CELG DE PARTICIPACOES - CELGPAR;021393;DF Consolidado - Demonstração do Fluxo de Caixa (Método Direto);REAL;MIL;ÚLTIMO;2017-01-01;2017-12-31;6.01.01;Recebimentos de Clientes;92361.0000000000;N
08.560.444/0001-93;2017-12-31;2;CIA CELG DE PARTICIPACOES - CELGPAR;021393;DF Consolidado - Demonstração do Fluxo de Caixa (Método Direto);REAL;MIL;PENÚLTIMO;2016-01-01;2016-12-31;6.01.02;Recebimento Governo do Estado de Goiás;0.0000000000;N
08.560.444/0001-93;2017-12-31;2;CIA CELG DE PARTICIPACOES - CELGPAR;021393;DF Consolidado - Demonstração do Fluxo de Caixa (Método Direto);REAL;MIL;ÚLTIMO;2017-01-01;2017-12-31;6.01.02;Recebimento Governo do Estado de Goiás;0.0000000000;N
08.560.444/0001-93;2017-12-31;2;CIA CELG DE PARTICIPACOES - CELGPAR;021393;DF Consolidado - Demonstração do Fluxo de Caixa (Método Direto);REAL;MIL;PENÚLTIMO;2016-01-01;2016-12-31;6.01.03;Recebimento de Dividendos;0.0000000000;N
08.560.444/0001-93;2017-12-31;2;CIA CELG DE PARTICIPACOES - CELGPAR;021393;DF Consolidado - Demonstração do Fluxo de Caixa (Método Direto);REAL;MIL;ÚLTIMO;2017-01-01;2017-12-31;6.01.03;Recebimento de Dividendos;0.0000000000;N
08.560.444/0001-93;2017-12-31;2;CIA CELG DE PARTICIPACOES - CELGPAR;021393;DF Consolidado - Demonstração do Fluxo de Caixa (Método Direto);REAL;MIL;PENÚLTIMO;2016-01-01;2016-12-31;6.01.04;Pagamentos à Fornecedores;-10516.0000000000;N
08.560.444/0001-93;2017-12-31;2;CIA CELG DE PARTICIPACOES - CELGPAR;021393;DF Consolidado - Demonstração do Fluxo de Caixa (Método Direto);REAL;MIL;ÚLTIMO;2017-01-01;2017-12-31;6.01.04;Pagamentos à Fornecedores;-13110.0000000000;N
08.560.444/0001-93;2017-12-31;2;CIA CELG DE PARTICIPACOES - CELGPAR;021393;DF Consolidado - Demonstração do Fluxo de Caixa (Método Direto);REAL;MIL;PENÚLTIMO;2016-01-01;2016-12-31;6.01.05;Pagamentos de Salários e Encargos;-31007.0000000000;N
08.560.444/0001-93;2017-12-31;2;CIA CELG DE PARTICIPACOES - CELGPAR;021393;DF Consolidado - Demonstração do Fluxo de Caixa (Método Direto);REAL;MIL;ÚLTIMO;2017-01-01;2017-12-31;6.01.05;Pagamentos de Salários e Encargos;-40129.0000000000;N
08.560.444/0001-93;2017-12-31;2;CIA CELG DE PARTICIPACOES - CELGPAR;021393;DF Consolidado - Demonstração do Fluxo de Caixa (Método Direto);REAL;MIL;PENÚLTIMO;2016-01-01;2016-12-31;6.01.06;Pagamentos de Outras Despesas Operacionais e Adm.;-2288.0000000000;N
08.560.444/0001-93;2017-12-31;2;CIA CELG DE PARTICIPACOES - CELGPAR;021393;DF Consolidado - Demonstração do Fluxo de Caixa (Método Direto);REAL;MIL;ÚLTIMO;2017-01-01;2017-12-31;6.01.06;Pagamentos de Outras Despesas Operacionais e Adm.;-2518.0000000000;N
08.560.444/0001-93;2017-12-31;2;CIA CELG DE PARTICIPACOES - CELGPAR;021393;DF Consolidado - Demonstração do Fluxo de Caixa (Método Direto);REAL;MIL;PENÚLTIMO;2016-01-01;2016-12-31;6.01.07;Pagamentos de Tributos;-30744.0000000000;N
08.560.444/0001-93;2017-12-31;2;CIA CELG DE PARTICIPACOES - CELGPAR;021393;DF Consolidado - Demonstração do Fluxo de Caixa (Método Direto);REAL;MIL;ÚLTIMO;2017-01-01;2017-12-31;6.01.07;Pagamentos de Tributos;-323235.0000000000;N
08.560.444/0001-93;2017-12-31;2;CIA CELG DE PARTICIPACOES - CELGPAR;021393;DF Consolidado - Demonstração do Fluxo de Caixa (Método Direto);REAL;MIL;PENÚLTIMO;2016-01-01;2016-12-31;6.01.08;Resultado Financeiro;7587.0000000000;N
08.560.444/0001-93;2017-12-31;2;CIA CELG DE PARTICIPACOES - CELGPAR;021393;DF Consolidado - Demonstração do Fluxo de Caixa (Método Direto);REAL;MIL;ÚLTIMO;2017-01-01;2017-12-31;6.01.08;Resultado Financeiro;42277.0000000000;N
08.560.444/0001-93;2017-12-31;2;CIA CELG DE PARTICIPACOES - CELGPAR;021393;DF Consolidado - Demonstração do Fluxo de Caixa (Método Direto);REAL;MIL;PENÚLTIMO;2016-01-01;2016-12-31;6.01.09;Outros Recebimentos;0.0000000000;N
08.560.444/0001-93;2017-12-31;2;CIA CELG DE PARTICIPACOES - CELGPAR;021393;DF Consolidado - Demonstração do Fluxo de Caixa (Método Direto);REAL;MIL;ÚLTIMO;2017-01-01;2017-12-31;6.01.09;Outros Recebimentos;0.0000000000;N
08.560.444/0001-93;2017-12-31;2;CIA CELG DE PARTICIPACOES - CELGPAR;021393;DF Consolidado - Demonstração do Fluxo de Caixa (Método Direto);REAL;MIL;PENÚLTIMO;2016-01-01;2016-12-31;6.02;Caixa Líquido Atividades de Investimento;-80508.0000000000;S
08.560.444/0001-93;2017-12-31;2;CIA CELG DE PARTICIPACOES - CELGPAR;021393;DF Consolidado - Demonstração do Fluxo de Caixa (Método Direto);REAL;MIL;ÚLTIMO;2017-01-01;2017-12-31;6.02;Caixa Líquido Atividades de Investimento;215477.0000000000;S
08.560.444/0001-93;2017-12-31;2;CIA CELG DE PARTICIPACOES - CELGPAR;021393;DF Consolidado - Demonstração do Fluxo de Caixa (Método Direto);REAL;MIL;PENÚLTIMO;2016-01-01;2016-12-31;6.02.01;Caixa usado no Imobilizado e Investimentos;-80744.0000000000;N
08.560.444/0001-93;2017-12-31;2;CIA CELG DE PARTICIPACOES - CELGPAR;021393;DF Consolidado - Demonstração do Fluxo de Caixa (Método Direto);REAL;MIL;ÚLTIMO;2017-01-01;2017-12-31;6.02.01;Caixa usado no Imobilizado e Investimentos;-113343.0000000000;N
08.560.444/0001-93;2017-12-31;2;CIA CELG DE PARTICIPACOES - CELGPAR;021393;DF Consolidado - Demonstração do Fluxo de Caixa (Método Direto);REAL;MIL;PENÚLTIMO;2016-01-01;2016-12-31;6.02.02;Aplicações no Ativo Realizável a Longo Prazo;0.0000000000;N
08.560.444/0001-93;2017-12-31;2;CIA CELG DE PARTICIPACOES - CELGPAR;021393;DF Consolidado - Demonstração do Fluxo de Caixa (Método Direto);REAL;MIL;ÚLTIMO;2017-01-01;2017-12-31;6.02.02;Aplicações no Ativo Realizável a Longo Prazo;0.0000000000;N
08.560.444/0001-93;2017-12-31;2;CIA CELG DE PARTICIPACOES - CELGPAR;021393;DF Consolidado - Demonstração do Fluxo de Caixa (Método Direto);REAL;MIL;PENÚLTIMO;2016-01-01;2016-12-31;6.02.03;Integralização de Capital em Coligada;0.0000000000;N
08.560.444/0001-93;2017-12-31;2;CIA CELG DE PARTICIPACOES - CELGPAR;021393;DF Consolidado - Demonstração do Fluxo de Caixa (Método Direto);REAL;MIL;ÚLTIMO;2017-01-01;2017-12-31;6.02.03;Integralização de Capital em Coligada;0.0000000000;N
08.560.444/0001-93;2017-12-31;2;CIA CELG DE PARTICIPACOES - CELGPAR;021393;DF Consolidado - Demonstração do Fluxo de Caixa (Método Direto);REAL;MIL;PENÚLTIMO;2016-01-01;2016-12-31;6.02.04;Outros;-302.0000000000;N
08.560.444/0001-93;2017-12-31;2;CIA CELG DE PARTICIPACOES - CELGPAR;021393;DF Consolidado - Demonstração do Fluxo de Caixa (Método Direto);REAL;MIL;ÚLTIMO;2017-01-01;2017-12-31;6.02.04;Outros;12512.0000000000;N
08.560.444/0001-93;2017-12-31;2;CIA CELG DE PARTICIPACOES - CELGPAR;021393;DF Consolidado - Demonstração do Fluxo de Caixa (Método Direto);REAL;MIL;PENÚLTIMO;2016-01-01;2016-12-31;6.02.05;Recebimento de Indenização do Ativo Financeiro de Transmissão;0.0000000000;N
08.560.444/0001-93;2017-12-31;2;CIA CELG DE PARTICIPACOES - CELGPAR;021393;DF Consolidado - Demonstração do Fluxo de Caixa (Método Direto);REAL;MIL;ÚLTIMO;2017-01-01;2017-12-31;6.02.05;Recebimento de Indenização do Ativo Financeiro de Transmissão;0.0000000000;N
08.560.444/0001-93;2017-12-31;2;CIA CELG DE PARTICIPACOES - CELGPAR;021393;DF Consolidado - Demonstração do Fluxo de Caixa (Método Direto);REAL;MIL;PENÚLTIMO;2016-01-01;2016-12-31;6.02.06;Adiantamentos para Futuro Aumento de Capital;0.0000000000;N
08.560.444/0001-93;2017-12-31;2;CIA CELG DE PARTICIPACOES - CELGPAR;021393;DF Consolidado - Demonstração do Fluxo de Caixa (Método Direto);REAL;MIL;ÚLTIMO;2017-01-01;2017-12-31;6.02.06;Adiantamentos para Futuro Aumento de Capital;0.0000000000;N
08.560.444/0001-93;2017-12-31;2;CIA CELG DE PARTICIPACOES - CELGPAR;021393;DF Consolidado - Demonstração do Fluxo de Caixa (Método Direto);REAL;MIL;PENÚLTIMO;2016-01-01;2016-12-31;6.02.07;Créditos com Controlada e Coligada;0.0000000000;N
08.560.444/0001-93;2017-12-31;2;CIA CELG DE PARTICIPACOES - CELGPAR;021393;DF Consolidado - Demonstração do Fluxo de Caixa (Método Direto);REAL;MIL;ÚLTIMO;2017-01-01;2017-12-31;6.02.07;Créditos com Controlada e Coligada;0.0000000000;N
08.560.444/0001-93;2017-12-31;2;CIA CELG DE PARTICIPACOES - CELGPAR;021393;DF Consolidado - Demonstração do Fluxo de Caixa (Método Direto);REAL;MIL;PENÚLTIMO;2016-01-01;2016-12-31;6.02.08;Recebimento de Dividendos;538.0000000000;N
08.560.444/0001-93;2017-12-31;2;CIA CELG DE PARTICIPACOES - CELGPAR;021393;DF Consolidado - Demonstração do Fluxo de Caixa (Método Direto);REAL;MIL;ÚLTIMO;2017-01-01;2017-12-31;6.02.08;Recebimento de Dividendos;5741.0000000000;N
08.560.444/0001-93;2017-12-31;2;CIA CELG DE PARTICIPACOES - CELGPAR;021393;DF Consolidado - Demonstração do Fluxo de Caixa (Método Direto);REAL;MIL;PENÚLTIMO;2016-01-01;2016-12-31;6.02.09;Recebimento de Alienação de Participações Societárias;0.0000000000;N
08.560.444/0001-93;2017-12-31;2;CIA CELG DE PARTICIPACOES - CELGPAR;021393;DF Consolidado - Demonstração do Fluxo de Caixa (Método Direto);REAL;MIL;ÚLTIMO;2017-01-01;2017-12-31;6.02.09;Recebimento de Alienação de Participações Societárias;1104303.0000000000;N
08.560.444/0001-93;2017-12-31;2;CIA CELG DE PARTICIPACOES - CELGPAR;021393;DF Consolidado - Demonstração do Fluxo de Caixa (Método Direto);REAL;MIL;PENÚLTIMO;2016-01-01;2016-12-31;6.02.10;Devolução de Recursos Estado de Goiás;0.0000000000;N
08.560.444/0001-93;2017-12-31;2;CIA CELG DE PARTICIPACOES - CELGPAR;021393;DF Consolidado - Demonstração do Fluxo de Caixa (Método Direto);REAL;MIL;ÚLTIMO;2017-01-01;2017-12-31;6.02.10;Devolução de Recursos Estado de Goiás;-793736.0000000000;N
08.560.444/0001-93;2017-12-31;2;CIA CELG DE PARTICIPACOES - CELGPAR;021393;DF Consolidado - Demonstração do Fluxo de Caixa (Método Direto);REAL;MIL;PENÚLTIMO;2016-01-01;2016-12-31;6.03;Caixa Líquido Atividades de Financiamento;45716.0000000000;S
08.560.444/0001-93;2017-12-31;2;CIA CELG DE PARTICIPACOES - CELGPAR;021393;DF Consolidado - Demonstração do Fluxo de Caixa (Método Direto);REAL;MIL;ÚLTIMO;2017-01-01;2017-12-31;6.03;Caixa Líquido Atividades de Financiamento;541.0000000000;S
08.560.444/0001-93;2017-12-31;2;CIA CELG DE PARTICIPACOES - CELGPAR;021393;DF Consolidado - Demonstração do Fluxo de Caixa (Método Direto);REAL;MIL;PENÚLTIMO;2016-01-01;2016-12-31;6.03.01;Resultado não Operacional Líquido;0.0000000000;N
08.560.444/0001-93;2017-12-31;2;CIA CELG DE PARTICIPACOES - CELGPAR;021393;DF Consolidado - Demonstração do Fluxo de Caixa (Método Direto);REAL;MIL;ÚLTIMO;2017-01-01;2017-12-31;6.03.01;Resultado não Operacional Líquido;0.0000000000;N
08.560.444/0001-93;2017-12-31;2;CIA CELG DE PARTICIPACOES - CELGPAR;021393;DF Consolidado - Demonstração do Fluxo de Caixa (Método Direto);REAL;MIL;PENÚLTIMO;2016-01-01;2016-12-31;6.03.02;Adiantamentos para Futuro Aumento de Capital;0.0000000000;N
08.560.444/0001-93;2017-12-31;2;CIA CELG DE PARTICIPACOES - CELGPAR;021393;DF Consolidado - Demonstração do Fluxo de Caixa (Método Direto);REAL;MIL;ÚLTIMO;2017-01-01;2017-12-31;6.03.02;Adiantamentos para Futuro Aumento de Capital;0.0000000000;N
08.560.444/0001-93;2017-12-31;2;CIA CELG DE PARTICIPACOES - CELGPAR;021393;DF Consolidado - Demonstração do Fluxo de Caixa (Método Direto);REAL;MIL;PENÚLTIMO;2016-01-01;2016-12-31;6.03.03;Integralização de Capital;0.0000000000;N
08.560.444/0001-93;2017-12-31;2;CIA CELG DE PARTICIPACOES - CELGPAR;021393;DF Consolidado - Demonstração do Fluxo de Caixa (Método Direto);REAL;MIL;ÚLTIMO;2017-01-01;2017-12-31;6.03.03;Integralização de Capital;0.0000000000;N
08.560.444/0001-93;2017-12-31;2;CIA CELG DE PARTICIPACOES - CELGPAR;021393;DF Consolidado - Demonstração do Fluxo de Caixa (Método Direto);REAL;MIL;PENÚLTIMO;2016-01-01;2016-12-31;6.03.04;Empréstimos e Financiamentos Obtidos;0.0000000000;N
08.560.444/0001-93;2017-12-31;2;CIA CELG DE PARTICIPACOES - CELGPAR;021393;DF Consolidado - Demonstração do Fluxo de Caixa (Método Direto);REAL;MIL;ÚLTIMO;2017-01-01;2017-12-31;6.03.04;Empréstimos e Financiamentos Obtidos;0.0000000000;N
08.560.444/0001-93;2017-12-31;2;CIA CELG DE PARTICIPACOES - CELGPAR;021393;DF Consolidado - Demonstração do Fluxo de Caixa (Método Direto);REAL;MIL;PENÚLTIMO;2016-01-01;2016-12-31;6.03.05;Pagamento de Serviço da Dívida;-3394.0000000000;N
08.560.444/0001-93;2017-12-31;2;CIA CELG DE PARTICIPACOES - CELGPAR;021393;DF Consolidado - Demonstração do Fluxo de Caixa (Método Direto);REAL;MIL;ÚLTIMO;2017-01-01;2017-12-31;6.03.05;Pagamento de Serviço da Dívida;-2745.0000000000;N
08.560.444/0001-93;2017-12-31;2;CIA CELG DE PARTICIPACOES - CELGPAR;021393;DF Consolidado - Demonstração do Fluxo de Caixa (Método Direto);REAL;MIL;PENÚLTIMO;2016-01-01;2016-12-31;6.03.06;Resgate de Ações em Tesouraria;0.0000000000;N
08.560.444/0001-93;2017-12-31;2;CIA CELG DE PARTICIPACOES - CELGPAR;021393;DF Consolidado - Demonstração do Fluxo de Caixa (Método Direto);REAL;MIL;ÚLTIMO;2017-01-01;2017-12-31;6.03.06;Resgate de Ações em Tesouraria;0.0000000000;N
08.560.444/0001-93;2017-12-31;2;CIA CELG DE PARTICIPACOES - CELGPAR;021393;DF Consolidado - Demonstração do Fluxo de Caixa (Método Direto);REAL;MIL;PENÚLTIMO;2016-01-01;2016-12-31;6.03.07;Pagamento de Dividendos;0.0000000000;N
08.560.444/0001-93;2017-12-31;2;CIA CELG DE PARTICIPACOES - CELGPAR;021393;DF Consolidado - Demonstração do Fluxo de Caixa (Método Direto);REAL;MIL;ÚLTIMO;2017-01-01;2017-12-31;6.03.07;Pagamento de Dividendos;0.0000000000;N
08.560.444/0001-93;2017-12-31;2;CIA CELG DE PARTICIPACOES - CELGPAR;021393;DF Consolidado - Demonstração do Fluxo de Caixa (Método Direto);REAL;MIL;PENÚLTIMO;2016-01-01;2016-12-31;6.03.08;Empréstimos Concedidos;49110.0000000000;N
08.560.444/0001-93;2017-12-31;2;CIA CELG DE PARTICIPACOES - CELGPAR;021393;DF Consolidado - Demonstração do Fluxo de Caixa (Método Direto);REAL;MIL;ÚLTIMO;2017-01-01;2017-12-31;6.03.08;Empréstimos Concedidos;3023.0000000000;N
08.560.444/0001-93;2017-12-31;2;CIA CELG DE PARTICIPACOES - CELGPAR;021393;DF Consolidado - Demonstração do Fluxo de Caixa (Método Direto);REAL;MIL;PENÚLTIMO;2016-01-01;2016-12-31;6.03.09;Outros Resultados Líquidos;0.0000000000;N
08.560.444/0001-93;2017-12-31;2;CIA CELG DE PARTICIPACOES - CELGPAR;021393;DF Consolidado - Demonstração do Fluxo de Caixa (Método Direto);REAL;MIL;ÚLTIMO;2017-01-01;2017-12-31;6.03.09;Outros Resultados Líquidos;263.0000000000;N
08.560.444/0001-93;2017-12-31;2;CIA CELG DE PARTICIPACOES - CELGPAR;021393;DF Consolidado - Demonstração do Fluxo de Caixa (Método Direto);REAL;MIL;PENÚLTIMO;2016-01-01;2016-12-31;6.04;Variação Cambial s/ Caixa e Equivalentes;0.0000000000;S
08.560.444/0001-93;2017-12-31;2;CIA CELG DE PARTICIPACOES - CELGPAR;021393;DF Consolidado - Demonstração do Fluxo de Caixa (Método Direto);REAL;MIL;ÚLTIMO;2017-01-01;2017-12-31;6.04;Variação Cambial s/ Caixa e Equivalentes;0.0000000000;S
08.560.444/0001-93;2017-12-31;2;CIA CELG DE PARTICIPACOES - CELGPAR;021393;DF Consolidado - Demonstração do Fluxo de Caixa (Método Direto);REAL;MIL;PENÚLTIMO;2016-01-01;2016-12-31;6.05;Aumento (Redução) de Caixa e Equivalentes;-32133.0000000000;S
08.560.444/0001-93;2017-12-31;2;CIA CELG DE PARTICIPACOES - CELGPAR;021393;DF Consolidado - Demonstração do Fluxo de Caixa (Método Direto);REAL;MIL;ÚLTIMO;2017-01-01;2017-12-31;6.05;Aumento (Redução) de Caixa e Equivalentes;-28336.0000000000;S
08.560.444/0001-93;2017-12-31;2;CIA CELG DE PARTICIPACOES - CELGPAR;021393;DF Consolidado - Demonstração do Fluxo de Caixa (Método Direto);REAL;MIL;PENÚLTIMO;2016-01-01;2016-12-31;6.05.01;Saldo Inicial de Caixa e Equivalentes;72943.0000000000;S
08.560.444/0001-93;2017-12-31;2;CIA CELG DE PARTICIPACOES - CELGPAR;021393;DF Consolidado - Demonstração do Fluxo de Caixa (Método Direto);REAL;MIL;ÚLTIMO;2017-01-01;2017-12-31;6.05.01;Saldo Inicial de Caixa e Equivalentes;40810.0000000000;S
08.560.444/0001-93;2017-12-31;2;CIA CELG DE PARTICIPACOES - CELGPAR;021393;DF Consolidado - Demonstração do Fluxo de Caixa (Método Direto);REAL;MIL;PENÚLTIMO;2016-01-01;2016-12-31;6.05.02;Saldo Final de Caixa e Equivalentes;40810.0000000000;S
08.560.444/0001-93;2017-12-31;2;CIA CELG DE PARTICIPACOES - CELGPAR;021393;DF Consolidado - Demonstração do Fluxo de Caixa (Método Direto);REAL;MIL;ÚLTIMO;2017-01-01;2017-12-31;6.05.02;Saldo Final de Caixa e Equivalentes;12474.0000000000;S
15.101.405/0001-93;2017-12-31;1;CORREA RIBEIRO S.A. COMERCIO E INDUSTRIA;004863;DF Consolidado - Demonstração do Fluxo de Caixa (Método Direto);REAL;MIL;PENÚLTIMO;2016-01-01;2016-12-31;6.01;Caixa Líquido Atividades Operacionais;-502.0000000000;S
15.101.405/0001-93;2017-12-31;1;CORREA RIBEIRO S.A. COMERCIO E INDUSTRIA;004863;DF Consolidado - Demonstração do Fluxo de Caixa (Método Direto);REAL;MIL;ÚLTIMO;2017-01-01;2017-12-31;6.01;Caixa Líquido Atividades Operacionais;-744.0000000000;S
15.101.405/0001-93;2017-12-31;1;CORREA RIBEIRO S.A. COMERCIO E INDUSTRIA;004863;DF Consolidado - Demonstração do Fluxo de Caixa (Método Direto);REAL;MIL;PENÚLTIMO;2016-01-01;2016-12-31;6.02;Caixa Líquido Atividades de Investimento;-135.0000000000;S
15.101.405/0001-93;2017-12-31;1;CORREA RIBEIRO S.A. COMERCIO E INDUSTRIA;004863;DF Consolidado - Demonstração do Fluxo de Caixa (Método Direto);REAL;MIL;ÚLTIMO;2017-01-01;2017-12-31;6.02;Caixa Líquido Atividades de Investimento;-4.0000000000;S
15.101.405/0001-93;2017-12-31;1;CORREA RIBEIRO S.A. COMERCIO E INDUSTRIA;004863;DF Consolidado - Demonstração do Fluxo de Caixa (Método Direto);REAL;MIL;PENÚLTIMO;2016-01-01;2016-12-31;6.03;Caixa Líquido Atividades de Financiamento;-71.0000000000;S
15.101.405/0001-93;2017-12-31;1;CORREA RIBEIRO S.A. COMERCIO E INDUSTRIA;004863;DF Consolidado - Demonstração do Fluxo de Caixa (Método Direto);REAL;MIL;ÚLTIMO;2017-01-01;2017-12-31;6.03;Caixa Líquido Atividades de Financiamento;-74.0000000000;S
15.101.405/0001-93;2017-12-31;1;CORREA RIBEIRO S.A. COMERCIO E INDUSTRIA;004863;DF Consolidado - Demonstração do Fluxo de Caixa (Método Direto);REAL;MIL;PENÚLTIMO;2016-01-01;2016-12-31;6.04;Variação Cambial s/ Caixa e Equivalentes;0.0000000000;S
15.101.405/0001-93;2017-12-31;1;CORREA RIBEIRO S.A. COMERCIO E INDUSTRIA;004863;DF Consolidado - Demonstração do Fluxo de Caixa (Método Direto);REAL;MIL;ÚLTIMO;2017-01-01;2017-12-31;6.04;Variação Cambial s/ Caixa e Equivalentes;0.0000000000;S
15.101.405/0001-93;2017-12-31;1;CORREA RIBEIRO S.A. COMERCIO E INDUSTRIA;004863;DF Consolidado - Demonstração do Fluxo de Caixa (Método Direto);REAL;MIL;PENÚLTIMO;2016-01-01;2016-12-31;6.05;Aumento (Redução) de Caixa e Equivalentes;-708.0000000000;S
15.101.405/0001-93;2017-12-31;1;CORREA RIBEIRO S.A. COMERCIO E INDUSTRIA;004863;DF Consolidado - Demonstração do Fluxo de Caixa (Método Direto);REAL;MIL;ÚLTIMO;2017-01-01;2017-12-31;6.05;Aumento (Redução) de Caixa e Equivalentes;-822.0000000000;S
15.101.405/0001-93;2017-12-31;1;CORREA RIBEIRO S.A. COMERCIO E INDUSTRIA;004863;DF Consolidado - Demonstração do Fluxo de Caixa (Método Direto);REAL;MIL;PENÚLTIMO;2016-01-01;2016-12-31;6.05.01;Saldo Inicial de Caixa e Equivalentes;6852.0000000000;S
15.101.405/0001-93;2017-12-31;1;CORREA RIBEIRO S.A. COMERCIO E INDUSTRIA;004863;DF Consolidado - Demonstração do Fluxo de Caixa (Método Direto);REAL;MIL;ÚLTIMO;2017-01-01;2017-12-31;6.05.01;Saldo Inicial de Caixa e Equivalentes;6144.0000000000;S
15.101.405/0001-93;2017-12-31;1;CORREA RIBEIRO S.A. COMERCIO E INDUSTRIA;004863;DF Consolidado - Demonstração do Fluxo de Caixa (Método Direto);REAL;MIL;PENÚLTIMO;2016-01-01;2016-12-31;6.05.02;Saldo Final de Caixa e Equivalentes;6144.0000000000;S
15.101.405/0001-93;2017-12-31;1;CORREA RIBEIRO S.A. COMERCIO E INDUSTRIA;004863;DF Consolidado - Demonstração do Fluxo de Caixa (Método Direto);REAL;MIL;ÚLTIMO;2017-01-01;2017-12-31;6.05.02;Saldo Final de Caixa e Equivalentes;5322.0000000000;S
22.543.331/0001-00;2017-12-31;1;CAIXA SEGURIDADE PARTICIPAÇÕES S.A.;023795;DF Consolidado - Demonstração do Fluxo de Caixa (Método Direto);REAL;MIL;PENÚLTIMO;2016-01-01;2016-12-31;6.01;Caixa Líquido Atividades Operacionais;1174633.0000000000;S
22.543.331/0001-00;2017-12-31;1;CAIXA SEGURIDADE PARTICIPAÇÕES S.A.;023795;DF Consolidado - Demonstração do Fluxo de Caixa (Método Direto);REAL;MIL;ÚLTIMO;2017-01-01;2017-12-31;6.01;Caixa Líquido Atividades Operacionais;964901.0000000000;S
22.543.331/0001-00;2017-12-31;1;CAIXA SEGURIDADE PARTICIPAÇÕES S.A.;023795;DF Consolidado - Demonstração do Fluxo de Caixa (Método Direto);REAL;MIL;PENÚLTIMO;2016-01-01;2016-12-31;6.01.01;Recebimento de receitas de acesso à rede e uso da marca;325149.0000000000;N
22.543.331/0001-00;2017-12-31;1;CAIXA SEGURIDADE PARTICIPAÇÕES S.A.;023795;DF Consolidado - Demonstração do Fluxo de Caixa (Método Direto);REAL;MIL;ÚLTIMO;2017-01-01;2017-12-31;6.01.01;Recebimento de receitas de acesso à rede e uso da marca;517207.0000000000;N
22.543.331/0001-00;2017-12-31;1;CAIXA SEGURIDADE PARTICIPAÇÕES S.A.;023795;DF Consolidado - Demonstração do Fluxo de Caixa (Método Direto);REAL;MIL;PENÚLTIMO;2016-01-01;2016-12-31;6.01.02;Recebimento de dividendos;1015626.0000000000;N
22.543.331/0001-00;2017-12-31;1;CAIXA SEGURIDADE PARTICIPAÇÕES S.A.;023795;DF Consolidado - Demonstração do Fluxo de Caixa (Método Direto);REAL;MIL;ÚLTIMO;2017-01-01;2017-12-31;6.01.02;Recebimento de dividendos;680907.0000000000;N
22.543.331/0001-00;2017-12-31;1;CAIXA SEGURIDADE PARTICIPAÇÕES S.A.;023795;DF Consolidado - Demonstração do Fluxo de Caixa (Método Direto);REAL;MIL;PENÚLTIMO;2016-01-01;2016-12-31;6.01.03;Pagamento de despesas administrativas;-17826.0000000000;N
22.543.331/0001-00;2017-12-31;1;CAIXA SEGURIDADE PARTICIPAÇÕES S.A.;023795;DF Consolidado - Demonstração do Fluxo de Caixa (Método Direto);REAL;MIL;ÚLTIMO;2017-01-01;2017-12-31;6.01.03;Pagamento de despesas administrativas;-36636.0000000000;N
22.543.331/0001-00;2017-12-31;1;CAIXA SEGURIDADE PARTICIPAÇÕES S.A.;023795;DF Consolidado - Demonstração do Fluxo de Caixa (Método Direto);REAL;MIL;PENÚLTIMO;2016-01-01;2016-12-31;6.01.04;Pagamento de despesas operacionais;-1249.0000000000;N
22.543.331/0001-00;2017-12-31;1;CAIXA SEGURIDADE PARTICIPAÇÕES S.A.;023795;DF Consolidado - Demonstração do Fluxo de Caixa (Método Direto);REAL;MIL;ÚLTIMO;2017-01-01;2017-12-31;6.01.04;Pagamento de despesas operacionais;0.0000000000;N
22.543.331/0001-00;2017-12-31;1;CAIXA SEGURIDADE PARTICIPAÇÕES S.A.;023795;DF Consolidado - Demonstração do Fluxo de Caixa (Método Direto);REAL;MIL;PENÚLTIMO;2016-01-01;2016-12-31;6.01.05;Pagamento de atualização de dividendos;-6212.0000000000;N
22.543.331/0001-00;2017-12-31;1;CAIXA SEGURIDADE PARTICIPAÇÕES S.A.;023795;DF Consolidado - Demonstração do Fluxo de Caixa (Método Direto);REAL;MIL;ÚLTIMO;2017-01-01;2017-12-31;6.01.05;Pagamento de atualização de dividendos;-5490.0000000000;N
22.543.331/0001-00;2017-12-31;1;CAIXA SEGURIDADE PARTICIPAÇÕES S.A.;023795;DF Consolidado - Demonstração do Fluxo de Caixa (Método Direto);REAL;MIL;PENÚLTIMO;2016-01-01;2016-12-31;6.01.06;Tributos sobre folha recolhidos;-621.0000000000;N
22.543.331/0001-00;2017-12-31;1;CAIXA SEGURIDADE PARTICIPAÇÕES S.A.;023795;DF Consolidado - Demonstração do Fluxo de Caixa (Método Direto);REAL;MIL;ÚLTIMO;2017-01-01;2017-12-31;6.01.06;Tributos sobre folha recolhidos;-538.0000000000;N
22.543.331/0001-00;2017-12-31;1;CAIXA SEGURIDADE PARTICIPAÇÕES S.A.;023795;DF Consolidado - Demonstração do Fluxo de Caixa (Método Direto);REAL;MIL;PENÚLTIMO;2016-01-01;2016-12-31;6.01.07;Tributos sobre receitas pagos;-42550.0000000000;N
22.543.331/0001-00;2017-12-31;1;CAIXA SEGURIDADE PARTICIPAÇÕES S.A.;023795;DF Consolidado - Demonstração do Fluxo de Caixa (Método Direto);REAL;MIL;ÚLTIMO;2017-01-01;2017-12-31;6.01.07;Tributos sobre receitas pagos;-53260.0000000000;N
22.543.331/0001-00;2017-12-31;1;CAIXA SEGURIDADE PARTICIPAÇÕES S.A.;023795;DF Consolidado - Demonstração do Fluxo de Caixa (Método Direto);REAL;MIL;PENÚLTIMO;2016-01-01;2016-12-31;6.01.08;Imposto de renda e contribuição social pagos;-115205.0000000000;N
22.543.331/0001-00;2017-12-31;1;CAIXA SEGURIDADE PARTICIPAÇÕES S.A.;023795;DF Consolidado - Demonstração do Fluxo de Caixa (Método Direto);REAL;MIL;ÚLTIMO;2017-01-01;2017-12-31;6.01.08;Imposto de renda e contribuição social pagos;-158943.0000000000;N
22.543.331/0001-00;2017-12-31;1;CAIXA SEGURIDADE PARTICIPAÇÕES S.A.;023795;DF Consolidado - Demonstração do Fluxo de Caixa (Método Direto);REAL;MIL;PENÚLTIMO;2016-01-01;2016-12-31;6.01.09;Juros recebidos;20090.0000000000;N
22.543.331/0001-00;2017-12-31;1;CAIXA SEGURIDADE PARTICIPAÇÕES S.A.;023795;DF Consolidado - Demonstração do Fluxo de Caixa (Método Direto);REAL;MIL;ÚLTIMO;2017-01-01;2017-12-31;6.01.09;Juros recebidos;26673.0000000000;N
22.543.331/0001-00;2017-12-31;1;CAIXA SEGURIDADE PARTICIPAÇÕES S.A.;023795;DF Consolidado - Demonstração do Fluxo de Caixa (Método Direto);REAL;MIL;PENÚLTIMO;2016-01-01;2016-12-31;6.01.10;Tributos sobre aplicações;-2569.0000000000;N
22.543.331/0001-00;2017-12-31;1;CAIXA SEGURIDADE PARTICIPAÇÕES S.A.;023795;DF Consolidado - Demonstração do Fluxo de Caixa (Método Direto);REAL;MIL;ÚLTIMO;2017-01-01;2017-12-31;6.01.10;Tributos sobre aplicações;-5019.0000000000;N
22.543.331/0001-00;2017-12-31;1;CAIXA SEGURIDADE PARTICIPAÇÕES S.A.;023795;DF Consolidado - Demonstração do Fluxo de Caixa (Método Direto);REAL;MIL;PENÚLTIMO;2016-01-01;2016-12-31;6.02;Caixa Líquido Atividades de Investimento;0.0000000000;S
22.543.331/0001-00;2017-12-31;1;CAIXA SEGURIDADE PARTICIPAÇÕES S.A.;023795;DF Consolidado - Demonstração do Fluxo de Caixa (Método Direto);REAL;MIL;ÚLTIMO;2017-01-01;2017-12-31;6.02;Caixa Líquido Atividades de Investimento;-133234.0000000000;S
22.543.331/0001-00;2017-12-31;1;CAIXA SEGURIDADE PARTICIPAÇÕES S.A.;023795;DF Consolidado - Demonstração do Fluxo de Caixa (Método Direto);REAL;MIL;PENÚLTIMO;2016-01-01;2016-12-31;6.02.01;Aplicação Financeira;0.0000000000;N
22.543.331/0001-00;2017-12-31;1;CAIXA SEGURIDADE PARTICIPAÇÕES S.A.;023795;DF Consolidado - Demonstração do Fluxo de Caixa (Método Direto);REAL;MIL;ÚLTIMO;2017-01-01;2017-12-31;6.02.01;Aplicação Financeira;-133234.0000000000;N
22.543.331/0001-00;2017-12-31;1;CAIXA SEGURIDADE PARTICIPAÇÕES S.A.;023795;DF Consolidado - Demonstração do Fluxo de Caixa (Método Direto);REAL;MIL;PENÚLTIMO;2016-01-01;2016-12-31;6.03;Caixa Líquido Atividades de Financiamento;-1007908.0000000000;S
22.543.331/0001-00;2017-12-31;1;CAIXA SEGURIDADE PARTICIPAÇÕES S.A.;023795;DF Consolidado - Demonstração do Fluxo de Caixa (Método Direto);REAL;MIL;ÚLTIMO;2017-01-01;2017-12-31;6.03;Caixa Líquido Atividades de Financiamento;-792994.0000000000;S
22.543.331/0001-00;2017-12-31;1;CAIXA SEGURIDADE PARTICIPAÇÕES S.A.;023795;DF Consolidado - Demonstração do Fluxo de Caixa (Método Direto);REAL;MIL;PENÚLTIMO;2016-01-01;2016-12-31;6.03.01;Pagamento de dividendos;-507908.0000000000;N
22.543.331/0001-00;2017-12-31;1;CAIXA SEGURIDADE PARTICIPAÇÕES S.A.;023795;DF Consolidado - Demonstração do Fluxo de Caixa (Método Direto);REAL;MIL;ÚLTIMO;2017-01-01;2017-12-31;6.03.01;Pagamento de dividendos;-792994.0000000000;N
22.543.331/0001-00;2017-12-31;1;CAIXA SEGURIDADE PARTICIPAÇÕES S.A.;023795;DF Consolidado - Demonstração do Fluxo de Caixa (Método Direto);REAL;MIL;PENÚLTIMO;2016-01-01;2016-12-31;6.03.02;Redução/Aumento de capital social;-500000.0000000000;N
22.543.331/0001-00;2017-12-31;1;CAIXA SEGURIDADE PARTICIPAÇÕES S.A.;023795;DF Consolidado - Demonstração do Fluxo de Caixa (Método Direto);REAL;MIL;ÚLTIMO;2017-01-01;2017-12-31;6.03.02;Redução/Aumento de capital social;0.0000000000;N
22.543.331/0001-00;2017-12-31;1;CAIXA SEGURIDADE PARTICIPAÇÕES S.A.;023795;DF Consolidado - Demonstração do Fluxo de Caixa (Método Direto);REAL;MIL;PENÚLTIMO;2016-01-01;2016-12-31;6.04;Variação Cambial s/ Caixa e Equivalentes;0.0000000000;S
22.543.331/0001-00;2017-12-31;1;CAIXA SEGURIDADE PARTICIPAÇÕES S.A.;023795;DF Consolidado - Demonstração do Fluxo de Caixa (Método Direto);REAL;MIL;ÚLTIMO;2017-01-01;2017-12-31;6.04;Variação Cambial s/ Caixa e Equivalentes;0.0000000000;S
22.543.331/0001-00;2017-12-31;1;CAIXA SEGURIDADE PARTICIPAÇÕES S.A.;023795;DF Consolidado - Demonstração do Fluxo de Caixa (Método Direto);REAL;MIL;PENÚLTIMO;2016-01-01;2016-12-31;6.05;Aumento (Redução) de Caixa e Equivalentes;166725.0000000000;S
22.543.331/0001-00;2017-12-31;1;CAIXA SEGURIDADE PARTICIPAÇÕES S.A.;023795;DF Consolidado - Demonstração do Fluxo de Caixa (Método Direto);REAL;MIL;ÚLTIMO;2017-01-01;2017-12-31;6.05;Aumento (Redução) de Caixa e Equivalentes;38673.0000000000;S
22.543.331/0001-00;2017-12-31;1;CAIXA SEGURIDADE PARTICIPAÇÕES S.A.;023795;DF Consolidado - Demonstração do Fluxo de Caixa (Método Direto);REAL;MIL;PENÚLTIMO;2016-01-01;2016-12-31;6.05.01;Saldo Inicial de Caixa e Equivalentes;52113.0000000000;S
22.543.331/0001-00;2017-12-31;1;CAIXA SEGURIDADE PARTICIPAÇÕES S.A.;023795;DF Consolidado - Demonstração do Fluxo de Caixa (Método Direto);REAL;MIL;ÚLTIMO;2017-01-01;2017-12-31;6.05.01;Saldo Inicial de Caixa e Equivalentes;218838.0000000000;S
22.543.331/0001-00;2017-12-31;1;CAIXA SEGURIDADE PARTICIPAÇÕES S.A.;023795;DF Consolidado - Demonstração do Fluxo de Caixa (Método Direto);REAL;MIL;PENÚLTIMO;2016-01-01;2016-12-31;6.05.02;Saldo Final de Caixa e Equivalentes;218838.0000000000;S
22.543.331/0001-00;2017-12-31;1;CAIXA SEGURIDADE PARTICIPAÇÕES S.A.;023795;DF Consolidado - Demonstração do Fluxo de Caixa (Método Direto);REAL;MIL;ÚLTIMO;2017-01-01;2017-12-31;6.05.02;Saldo Final de Caixa e Equivalentes;257511.0000000000;S
30.540.991/0001-66;2017-12-31;1;HAGA S.A. INDUSTRIA E COMERCIO;013366;DF Consolidado - Demonstração do Fluxo de Caixa (Método Direto);REAL;UNIDADE;PENÚLTIMO;2016-01-01;2016-12-31;6.01;Caixa Líquido Atividades Operacionais;7887141.0000000000;S
30.540.991/0001-66;2017-12-31;1;HAGA S.A. INDUSTRIA E COMERCIO;013366;DF Consolidado - Demonstração do Fluxo de Caixa (Método Direto);REAL;UNIDADE;ÚLTIMO;2017-01-01;2017-12-31;6.01;Caixa Líquido Atividades Operacionais;3625406.0000000000;S
30.540.991/0001-66;2017-12-31;1;HAGA S.A. INDUSTRIA E COMERCIO;013366;DF Consolidado - Demonstração do Fluxo de Caixa (Método Direto);REAL;UNIDADE;PENÚLTIMO;2016-01-01;2016-12-31;6.02;Caixa Líquido Atividades de Investimento;-760159.0000000000;S
30.540.991/0001-66;2017-12-31;1;HAGA S.A. INDUSTRIA E COMERCIO;013366;DF Consolidado - Demonstração do Fluxo de Caixa (Método Direto);REAL;UNIDADE;ÚLTIMO;2017-01-01;2017-12-31;6.02;Caixa Líquido Atividades de Investimento;-1027332.0000000000;S
30.540.991/0001-66;2017-12-31;1;HAGA S.A. INDUSTRIA E COMERCIO;013366;DF Consolidado - Demonstração do Fluxo de Caixa (Método Direto);REAL;UNIDADE;PENÚLTIMO;2016-01-01;2016-12-31;6.03;Caixa Líquido Atividades de Financiamento;-149939.0000000000;S
30.540.991/0001-66;2017-12-31;1;HAGA S.A. INDUSTRIA E COMERCIO;013366;DF Consolidado - Demonstração do Fluxo de Caixa (Método Direto);REAL;UNIDADE;ÚLTIMO;2017-01-01;2017-12-31;6.03;Caixa Líquido Atividades de Financiamento;-149939.0000000000;S
30.540.991/0001-66;2017-12-31;1;HAGA S.A. INDUSTRIA E COMERCIO;013366;DF Consolidado - Demonstração do Fluxo de Caixa (Método Direto);REAL;UNIDADE;PENÚLTIMO;2016-01-01;2016-12-31;6.04;Variação Cambial s/ Caixa e Equivalentes;0.0000000000;S
30.540.991/0001-66;2017-12-31;1;HAGA S.A. INDUSTRIA E COMERCIO;013366;DF Consolidado - Demonstração do Fluxo de Caixa (Método Direto);REAL;UNIDADE;ÚLTIMO;2017-01-01;2017-12-31;6.04;Variação Cambial s/ Caixa e Equivalentes;0.0000000000;S
30.540.991/0001-66;2017-12-31;1;HAGA S.A. INDUSTRIA E COMERCIO;013366;DF Consolidado - Demonstração do Fluxo de Caixa (Método Direto);REAL;UNIDADE;PENÚLTIMO;2016-01-01;2016-12-31;6.05;Aumento (Redução) de Caixa e Equivalentes;6977043.0000000000;S
30.540.991/0001-66;2017-12-31;1;HAGA S.A. INDUSTRIA E COMERCIO;013366;DF Consolidado - Demonstração do Fluxo de Caixa (Método Direto);REAL;UNIDADE;ÚLTIMO;2017-01-01;2017-12-31;6.05;Aumento (Redução) de Caixa e Equivalentes;2448135.0000000000;S
30.540.991/0001-66;2017-12-31;1;HAGA S.A. INDUSTRIA E COMERCIO;013366;DF Consolidado - Demonstração do Fluxo de Caixa (Método Direto);REAL;UNIDADE;PENÚLTIMO;2016-01-01;2016-12-31;6.05.01;Saldo Inicial de Caixa e Equivalentes;29086130.0000000000;S
30.540.991/0001-66;2017-12-31;1;HAGA S.A. INDUSTRIA E COMERCIO;013366;DF Consolidado - Demonstração do Fluxo de Caixa (Método Direto);REAL;UNIDADE;ÚLTIMO;2017-01-01;2017-12-31;6.05.01;Saldo Inicial de Caixa e Equivalentes;36063173.0000000000;S
30.540.991/0001-66;2017-12-31;1;HAGA S.A. INDUSTRIA E COMERCIO;013366;DF Consolidado - Demonstração do Fluxo de Caixa (Método Direto);REAL;UNIDADE;PENÚLTIMO;2016-01-01;2016-12-31;6.05.02;Saldo Final de Caixa e Equivalentes;36063173.0000000000;S
30.540.991/0001-66;2017-12-31;1;HAGA S.A. INDUSTRIA E COMERCIO;013366;DF Consolidado - Demonstração do Fluxo de Caixa (Método Direto);REAL;UNIDADE;ÚLTIMO;2017-01-01;2017-12-31;6.05.02;Saldo Final de Caixa e Equivalentes;38511308.0000000000;S
33.376.989/0001-91;2017-12-31;1;IRB - BRASIL RESSEGUROS S.A.;024180;DF Consolidado - Demonstração do Fluxo de Caixa (Método Direto);REAL;MIL;PENÚLTIMO;2016-01-01;2016-12-31;6.01;Caixa Líquido Atividades Operacionais;156194.0000000000;S
33.376.989/0001-91;2017-12-31;1;IRB - BRASIL RESSEGUROS S.A.;024180;DF Consolidado - Demonstração do Fluxo de Caixa (Método Direto);REAL;MIL;ÚLTIMO;2017-01-01;2017-12-31;6.01;Caixa Líquido Atividades Operacionais;-255568.0000000000;S
33.376.989/0001-91;2017-12-31;1;IRB - BRASIL RESSEGUROS S.A.;024180;DF Consolidado - Demonstração do Fluxo de Caixa (Método Direto);REAL;MIL;PENÚLTIMO;2016-01-01;2016-12-31;6.01.01;Recebimentos de prêmios de seguro, contribuições de previdência e taxas de gestão e outras;4340273.0000000000;N
33.376.989/0001-91;2017-12-31;1;IRB - BRASIL RESSEGUROS S.A.;024180;DF Consolidado - Demonstração do Fluxo de Caixa (Método Direto);REAL;MIL;ÚLTIMO;2017-01-01;2017-12-31;6.01.01;Recebimentos de prêmios de seguro, contribuições de previdência e taxas de gestão e outras;4984439.0000000000;N
33.376.989/0001-91;2017-12-31;1;IRB - BRASIL RESSEGUROS S.A.;024180;DF Consolidado - Demonstração do Fluxo de Caixa (Método Direto);REAL;MIL;PENÚLTIMO;2016-01-01;2016-12-31;6.01.02;Recuperações de sinistros e comissões;505543.0000000000;N
33.376.989/0001-91;2017-12-31;1;IRB - BRASIL RESSEGUROS S.A.;024180;DF Consolidado - Demonstração do Fluxo de Caixa (Método Direto);REAL;MIL;ÚLTIMO;2017-01-01;2017-12-31;6.01.02;Recuperações de sinistros e comissões;389398.0000000000;N
33.376.989/0001-91;2017-12-31;1;IRB - BRASIL RESSEGUROS S.A.;024180;DF Consolidado - Demonstração do Fluxo de Caixa (Método Direto);REAL;MIL;PENÚLTIMO;2016-01-01;2016-12-31;6.01.03;Outros recebimentos operacionais (Salvados, Ressarcimentos e outros);203093.0000000000;N
33.376.989/0001-91;2017-12-31;1;IRB - BRASIL RESSEGUROS S.A.;024180;DF Consolidado - Demonstração do Fluxo de Caixa (Método Direto);REAL;MIL;ÚLTIMO;2017-01-01;2017-12-31;6.01.03;Outros recebimentos operacionais (Salvados, Ressarcimentos e outros);235569.0000000000;N
33.376.989/0001-91;2017-12-31;1;IRB - BRASIL RESSEGUROS S.A.;024180;DF Consolidado - Demonstração do Fluxo de Caixa (Método Direto);REAL;MIL;PENÚLTIMO;2016-01-01;2016-12-31;6.01.04;Pagamentos de sinistros, benefícios, resgates e comissões;-3115213.0000000000;N
33.376.989/0001-91;2017-12-31;1;IRB - BRASIL RESSEGUROS S.A.;024180;DF Consolidado - Demonstração do Fluxo de Caixa (Método Direto);REAL;MIL;ÚLTIMO;2017-01-01;2017-12-31;6.01.04;Pagamentos de sinistros, benefícios, resgates e comissões;-3160669.0000000000;N
33.376.989/0001-91;2017-12-31;1;IRB - BRASIL RESSEGUROS S.A.;024180;DF Consolidado - Demonstração do Fluxo de Caixa (Método Direto);REAL;MIL;PENÚLTIMO;2016-01-01;2016-12-31;6.01.05;Repasses de prêmios por cessão de riscos;-1086334.0000000000;N
33.376.989/0001-91;2017-12-31;1;IRB - BRASIL RESSEGUROS S.A.;024180;DF Consolidado - Demonstração do Fluxo de Caixa (Método Direto);REAL;MIL;ÚLTIMO;2017-01-01;2017-12-31;6.01.05;Repasses de prêmios por cessão de riscos;-1319141.0000000000;N
33.376.989/0001-91;2017-12-31;1;IRB - BRASIL RESSEGUROS S.A.;024180;DF Consolidado - Demonstração do Fluxo de Caixa (Método Direto);REAL;MIL;PENÚLTIMO;2016-01-01;2016-12-31;6.01.06;Pagamentos de despesas e obrigações;-259347.0000000000;N
33.376.989/0001-91;2017-12-31;1;IRB - BRASIL RESSEGUROS S.A.;024180;DF Consolidado - Demonstração do Fluxo de Caixa (Método Direto);REAL;MIL;ÚLTIMO;2017-01-01;2017-12-31;6.01.06;Pagamentos de despesas e obrigações;-360644.0000000000;N
33.376.989/0001-91;2017-12-31;1;IRB - BRASIL RESSEGUROS S.A.;024180;DF Consolidado - Demonstração do Fluxo de Caixa (Método Direto);REAL;MIL;PENÚLTIMO;2016-01-01;2016-12-31;6.01.07;Outros pagamentos operacionais;-343963.0000000000;N
33.376.989/0001-91;2017-12-31;1;IRB - BRASIL RESSEGUROS S.A.;024180;DF Consolidado - Demonstração do Fluxo de Caixa (Método Direto);REAL;MIL;ÚLTIMO;2017-01-01;2017-12-31;6.01.07;Outros pagamentos operacionais;-364572.0000000000;N
33.376.989/0001-91;2017-12-31;1;IRB - BRASIL RESSEGUROS S.A.;024180;DF Consolidado - Demonstração do Fluxo de Caixa (Método Direto);REAL;MIL;PENÚLTIMO;2016-01-01;2016-12-31;6.01.08;Recebimento de aluguéis;34185.0000000000;N
33.376.989/0001-91;2017-12-31;1;IRB - BRASIL RESSEGUROS S.A.;024180;DF Consolidado - Demonstração do Fluxo de Caixa (Método Direto);REAL;MIL;ÚLTIMO;2017-01-01;2017-12-31;6.01.08;Recebimento de aluguéis;59322.0000000000;N
33.376.989/0001-91;2017-12-31;1;IRB - BRASIL RESSEGUROS S.A.;024180;DF Consolidado - Demonstração do Fluxo de Caixa (Método Direto);REAL;MIL;PENÚLTIMO;2016-01-01;2016-12-31;6.01.09;Recebimentos de juros e dividendos;18039.0000000000;N
33.376.989/0001-91;2017-12-31;1;IRB - BRASIL RESSEGUROS S.A.;024180;DF Consolidado - Demonstração do Fluxo de Caixa (Método Direto);REAL;MIL;ÚLTIMO;2017-01-01;2017-12-31;6.01.09;Recebimentos de juros e dividendos;8599.0000000000;N
33.376.989/0001-91;2017-12-31;1;IRB - BRASIL RESSEGUROS S.A.;024180;DF Consolidado - Demonstração do Fluxo de Caixa (Método Direto);REAL;MIL;PENÚLTIMO;2016-01-01;2016-12-31;6.01.10;Constituição de depósitos judiciais;-57769.0000000000;N
33.376.989/0001-91;2017-12-31;1;IRB - BRASIL RESSEGUROS S.A.;024180;DF Consolidado - Demonstração do Fluxo de Caixa (Método Direto);REAL;MIL;ÚLTIMO;2017-01-01;2017-12-31;6.01.10;Constituição de depósitos judiciais;-19046.0000000000;N
33.376.989/0001-91;2017-12-31;1;IRB - BRASIL RESSEGUROS S.A.;024180;DF Consolidado - Demonstração do Fluxo de Caixa (Método Direto);REAL;MIL;PENÚLTIMO;2016-01-01;2016-12-31;6.01.11;Aplicações de investimentos ao valor justo por meio do resultado;-3683196.0000000000;N
33.376.989/0001-91;2017-12-31;1;IRB - BRASIL RESSEGUROS S.A.;024180;DF Consolidado - Demonstração do Fluxo de Caixa (Método Direto);REAL;MIL;ÚLTIMO;2017-01-01;2017-12-31;6.01.11;Aplicações de investimentos ao valor justo por meio do resultado;-3670561.0000000000;N
33.376.989/0001-91;2017-12-31;1;IRB - BRASIL RESSEGUROS S.A.;024180;DF Consolidado - Demonstração do Fluxo de Caixa (Método Direto);REAL;MIL;PENÚLTIMO;2016-01-01;2016-12-31;6.01.12;Vendas e resgates de investimentos ao valor justo por meio do resultado;3962632.0000000000;N
33.376.989/0001-91;2017-12-31;1;IRB - BRASIL RESSEGUROS S.A.;024180;DF Consolidado - Demonstração do Fluxo de Caixa (Método Direto);REAL;MIL;ÚLTIMO;2017-01-01;2017-12-31;6.01.12;Vendas e resgates de investimentos ao valor justo por meio do resultado;3242564.0000000000;N
33.376.989/0001-91;2017-12-31;1;IRB - BRASIL RESSEGUROS S.A.;024180;DF Consolidado - Demonstração do Fluxo de Caixa (Método Direto);REAL;MIL;PENÚLTIMO;2016-01-01;2016-12-31;6.01.13;Impostos e contribuições pagos;-361749.0000000000;N
33.376.989/0001-91;2017-12-31;1;IRB - BRASIL RESSEGUROS S.A.;024180;DF Consolidado - Demonstração do Fluxo de Caixa (Método Direto);REAL;MIL;ÚLTIMO;2017-01-01;2017-12-31;6.01.13;Impostos e contribuições pagos;-280826.0000000000;N
33.376.989/0001-91;2017-12-31;1;IRB - BRASIL RESSEGUROS S.A.;024180;DF Consolidado - Demonstração do Fluxo de Caixa (Método Direto);REAL;MIL;PENÚLTIMO;2016-01-01;2016-12-31;6.02;Caixa Líquido Atividades de Investimento;757334.0000000000;S
33.376.989/0001-91;2017-12-31;1;IRB - BRASIL RESSEGUROS S.A.;024180;DF Consolidado - Demonstração do Fluxo de Caixa (Método Direto);REAL;MIL;ÚLTIMO;2017-01-01;2017-12-31;6.02;Caixa Líquido Atividades de Investimento;771531.0000000000;S
33.376.989/0001-91;2017-12-31;1;IRB - BRASIL RESSEGUROS S.A.;024180;DF Consolidado - Demonstração do Fluxo de Caixa (Método Direto);REAL;MIL;PENÚLTIMO;2016-01-01;2016-12-31;6.02.01;Aplicações de investimentos ao valor justo por meio do resultado;-4923363.0000000000;N
33.376.989/0001-91;2017-12-31;1;IRB - BRASIL RESSEGUROS S.A.;024180;DF Consolidado - Demonstração do Fluxo de Caixa (Método Direto);REAL;MIL;ÚLTIMO;2017-01-01;2017-12-31;6.02.01;Aplicações de investimentos ao valor justo por meio do resultado;-1637234.0000000000;N
33.376.989/0001-91;2017-12-31;1;IRB - BRASIL RESSEGUROS S.A.;024180;DF Consolidado - Demonstração do Fluxo de Caixa (Método Direto);REAL;MIL;PENÚLTIMO;2016-01-01;2016-12-31;6.02.02;Vendas e resgates de investimentos ao valor justo por meio do resultado;5812759.0000000000;N
33.376.989/0001-91;2017-12-31;1;IRB - BRASIL RESSEGUROS S.A.;024180;DF Consolidado - Demonstração do Fluxo de Caixa (Método Direto);REAL;MIL;ÚLTIMO;2017-01-01;2017-12-31;6.02.02;Vendas e resgates de investimentos ao valor justo por meio do resultado;2455676.0000000000;N
33.376.989/0001-91;2017-12-31;1;IRB - BRASIL RESSEGUROS S.A.;024180;DF Consolidado - Demonstração do Fluxo de Caixa (Método Direto);REAL;MIL;PENÚLTIMO;2016-01-01;2016-12-31;6.02.03;Aplicações de investimentos mantidos até o vencimento;0.0000000000;N
33.376.989/0001-91;2017-12-31;1;IRB - BRASIL RESSEGUROS S.A.;024180;DF Consolidado - Demonstração do Fluxo de Caixa (Método Direto);REAL;MIL;ÚLTIMO;2017-01-01;2017-12-31;6.02.03;Aplicações de investimentos mantidos até o vencimento;0.0000000000;N
33.376.989/0001-91;2017-12-31;1;IRB - BRASIL RESSEGUROS S.A.;024180;DF Consolidado - Demonstração do Fluxo de Caixa (Método Direto);REAL;MIL;PENÚLTIMO;2016-01-01;2016-12-31;6.02.04;Vendas e Reagates de investimentos mantidos até o vencimento;17875.0000000000;N
33.376.989/0001-91;2017-12-31;1;IRB - BRASIL RESSEGUROS S.A.;024180;DF Consolidado - Demonstração do Fluxo de Caixa (Método Direto);REAL;MIL;ÚLTIMO;2017-01-01;2017-12-31;6.02.04;Vendas e Reagates de investimentos mantidos até o vencimento;5118.0000000000;N
33.376.989/0001-91;2017-12-31;1;IRB - BRASIL RESSEGUROS S.A.;024180;DF Consolidado - Demonstração do Fluxo de Caixa (Método Direto);REAL;MIL;PENÚLTIMO;2016-01-01;2016-12-31;6.02.05;Pagamento pela compra de ativo permanente - Imobilizado;-19152.0000000000;N
33.376.989/0001-91;2017-12-31;1;IRB - BRASIL RESSEGUROS S.A.;024180;DF Consolidado - Demonstração do Fluxo de Caixa (Método Direto);REAL;MIL;ÚLTIMO;2017-01-01;2017-12-31;6.02.05;Pagamento pela compra de ativo permanente - Imobilizado;-36434.0000000000;N
33.376.989/0001-91;2017-12-31;1;IRB - BRASIL RESSEGUROS S.A.;024180;DF Consolidado - Demonstração do Fluxo de Caixa (Método Direto);REAL;MIL;PENÚLTIMO;2016-01-01;2016-12-31;6.02.06;Pagamento pela compra de ativo permanente - Intangível;-20454.0000000000;N
33.376.989/0001-91;2017-12-31;1;IRB - BRASIL RESSEGUROS S.A.;024180;DF Consolidado - Demonstração do Fluxo de Caixa (Método Direto);REAL;MIL;ÚLTIMO;2017-01-01;2017-12-31;6.02.06;Pagamento pela compra de ativo permanente - Intangível;-15632.0000000000;N
33.376.989/0001-91;2017-12-31;1;IRB - BRASIL RESSEGUROS S.A.;024180;DF Consolidado - Demonstração do Fluxo de Caixa (Método Direto);REAL;MIL;PENÚLTIMO;2016-01-01;2016-12-31;6.02.07;Recebimento pela Venda - Imobilizado;1035.0000000000;N
33.376.989/0001-91;2017-12-31;1;IRB - BRASIL RESSEGUROS S.A.;024180;DF Consolidado - Demonstração do Fluxo de Caixa (Método Direto);REAL;MIL;ÚLTIMO;2017-01-01;2017-12-31;6.02.07;Recebimento pela Venda - Imobilizado;37.0000000000;N
33.376.989/0001-91;2017-12-31;1;IRB - BRASIL RESSEGUROS S.A.;024180;DF Consolidado - Demonstração do Fluxo de Caixa (Método Direto);REAL;MIL;PENÚLTIMO;2016-01-01;2016-12-31;6.02.08;Recebimento pela venda - Investimentos;0.0000000000;N
33.376.989/0001-91;2017-12-31;1;IRB - BRASIL RESSEGUROS S.A.;024180;DF Consolidado - Demonstração do Fluxo de Caixa (Método Direto);REAL;MIL;ÚLTIMO;2017-01-01;2017-12-31;6.02.08;Recebimento pela venda - Investimentos;0.0000000000;N
33.376.989/0001-91;2017-12-31;1;IRB - BRASIL RESSEGUROS S.A.;024180;DF Consolidado - Demonstração do Fluxo de Caixa (Método Direto);REAL;MIL;PENÚLTIMO;2016-01-01;2016-12-31;6.02.09;Pagamento pela compra de ativo permanente - Investimentos;-111366.0000000000;N
33.376.989/0001-91;2017-12-31;1;IRB - BRASIL RESSEGUROS S.A.;024180;DF Consolidado - Demonstração do Fluxo de Caixa (Método Direto);REAL;MIL;ÚLTIMO;2017-01-01;2017-12-31;6.02.09;Pagamento pela compra de ativo permanente - Investimentos;0.0000000000;N
33.376.989/0001-91;2017-12-31;1;IRB - BRASIL RESSEGUROS S.A.;024180;DF Consolidado - Demonstração do Fluxo de Caixa (Método Direto);REAL;MIL;PENÚLTIMO;2016-01-01;2016-12-31;6.03;Caixa Líquido Atividades de Financiamento;-680891.0000000000;S
33.376.989/0001-91;2017-12-31;1;IRB - BRASIL RESSEGUROS S.A.;024180;DF Consolidado - Demonstração do Fluxo de Caixa (Método Direto);REAL;MIL;ÚLTIMO;2017-01-01;2017-12-31;6.03;Caixa Líquido Atividades de Financiamento;-699314.0000000000;S
33.376.989/0001-91;2017-12-31;1;IRB - BRASIL RESSEGUROS S.A.;024180;DF Consolidado - Demonstração do Fluxo de Caixa (Método Direto);REAL;MIL;PENÚLTIMO;2016-01-01;2016-12-31;6.03.01;Aumento de capital;0.0000000000;N
33.376.989/0001-91;2017-12-31;1;IRB - BRASIL RESSEGUROS S.A.;024180;DF Consolidado - Demonstração do Fluxo de Caixa (Método Direto);REAL;MIL;ÚLTIMO;2017-01-01;2017-12-31;6.03.01;Aumento de capital;0.0000000000;N
33.376.989/0001-91;2017-12-31;1;IRB - BRASIL RESSEGUROS S.A.;024180;DF Consolidado - Demonstração do Fluxo de Caixa (Método Direto);REAL;MIL;PENÚLTIMO;2016-01-01;2016-12-31;6.03.02;Distribuição de dividendos e juros sobre o capital próprio;-680891.0000000000;N
33.376.989/0001-91;2017-12-31;1;IRB - BRASIL RESSEGUROS S.A.;024180;DF Consolidado - Demonstração do Fluxo de Caixa (Método Direto);REAL;MIL;ÚLTIMO;2017-01-01;2017-12-31;6.03.02;Distribuição de dividendos e juros sobre o capital próprio;-699314.0000000000;N
33.376.989/0001-91;2017-12-31;1;IRB - BRASIL RESSEGUROS S.A.;024180;DF Consolidado - Demonstração do Fluxo de Caixa (Método Direto);REAL;MIL;PENÚLTIMO;2016-01-01;2016-12-31;6.03.03;Aquisição das próprias ações;0.0000000000;N
33.376.989/0001-91;2017-12-31;1;IRB - BRASIL RESSEGUROS S.A.;024180;DF Consolidado - Demonstração do Fluxo de Caixa (Método Direto);REAL;MIL;ÚLTIMO;2017-01-01;2017-12-31;6.03.03;Aquisição das próprias ações;0.0000000000;N
33.376.989/0001-91;2017-12-31;1;IRB - BRASIL RESSEGUROS S.A.;024180;DF Consolidado - Demonstração do Fluxo de Caixa (Método Direto);REAL;MIL;PENÚLTIMO;2016-01-01;2016-12-31;6.04;Variação Cambial s/ Caixa e Equivalentes;-33339.0000000000;S
33.376.989/0001-91;2017-12-31;1;IRB - BRASIL RESSEGUROS S.A.;024180;DF Consolidado - Demonstração do Fluxo de Caixa (Método Direto);REAL;MIL;ÚLTIMO;2017-01-01;2017-12-31;6.04;Variação Cambial s/ Caixa e Equivalentes;-8453.0000000000;S
33.376.989/0001-91;2017-12-31;1;IRB - BRASIL RESSEGUROS S.A.;024180;DF Consolidado - Demonstração do Fluxo de Caixa (Método Direto);REAL;MIL;PENÚLTIMO;2016-01-01;2016-12-31;6.05;Aumento (Redução) de Caixa e Equivalentes;199298.0000000000;S
33.376.989/0001-91;2017-12-31;1;IRB - BRASIL RESSEGUROS S.A.;024180;DF Consolidado - Demonstração do Fluxo de Caixa (Método Direto);REAL;MIL;ÚLTIMO;2017-01-01;2017-12-31;6.05;Aumento (Redução) de Caixa e Equivalentes;-191804.0000000000;S
33.376.989/0001-91;2017-12-31;1;IRB - BRASIL RESSEGUROS S.A.;024180;DF Consolidado - Demonstração do Fluxo de Caixa (Método Direto);REAL;MIL;PENÚLTIMO;2016-01-01;2016-12-31;6.05.01;Saldo Inicial de Caixa e Equivalentes;18277.0000000000;S
33.376.989/0001-91;2017-12-31;1;IRB - BRASIL RESSEGUROS S.A.;024180;DF Consolidado - Demonstração do Fluxo de Caixa (Método Direto);REAL;MIL;ÚLTIMO;2017-01-01;2017-12-31;6.05.01;Saldo Inicial de Caixa e Equivalentes;217575.0000000000;S
33.376.989/0001-91;2017-12-31;1;IRB - BRASIL RESSEGUROS S.A.;024180;DF Consolidado - Demonstração do Fluxo de Caixa (Método Direto);REAL;MIL;PENÚLTIMO;2016-01-01;2016-12-31;6.05.02;Saldo Final de Caixa e Equivalentes;217575.0000000000;S
33.376.989/0001-91;2017-12-31;1;IRB - BRASIL RESSEGUROS S.A.;024180;DF Consolidado - Demonstração do Fluxo de Caixa (Método Direto);REAL;MIL;ÚLTIMO;2017-01-01;2017-12-31;6.05.02;Saldo Final de Caixa e Equivalentes;25771.0000000000;S
